name,birth,start_year,end_year,career,games,타수,득점,안타,이루타,삼루타,홈런,타점,도루,도실,볼넷,사구,삼진,병살,실책,batting_average,birth_month
백인천,1943-11-27T00:00:00Z,1982,1984,3,117,403,67,135,31,2,23,91,13,3,56,4,29,11,0,0.335,11
이춘근,1948-03-01T00:00:00Z,1982,1982,1,3,3,0,0,0,0,0,0,0,0,0,0,0,0,0,0,3
윤동균,1949-07-02T00:00:00Z,1982,1989,8,594,1963,263,560,98,21,38,277,41,21,287,7,194,39,7,0.285,7
김우열,1949-09-09T00:00:00Z,1982,1986,5,342,1076,160,299,45,6,41,173,44,16,155,16,141,15,3,0.278,9
임신근,1949-11-28T00:00:00Z,1982,1982,1,2,3,0,0,0,0,0,0,0,0,2,0,1,0,0,0,11
권두조,1951-06-10T00:00:00Z,1982,1987,6,587,1603,149,352,53,9,1,112,24,31,157,21,159,35,97,0.22,6
김봉연,1952-01-13T00:00:00Z,1982,1988,7,630,2145,311,596,84,8,110,334,24,18,241,21,187,59,8,0.278,1
이종도,1952-05-22T00:00:00Z,1982,1987,6,482,1284,174,344,69,6,28,176,50,15,154,20,187,26,18,0.268,5
김성관,1952-07-06T00:00:00Z,1982,1984,3,170,499,56,124,25,5,8,61,25,10,34,13,45,15,5,0.248,7
송영운,1952-12-15T00:00:00Z,1982,1988,7,354,817,80,214,30,4,2,84,20,19,103,4,86,13,9,0.262,12
이홍범,1953-02-10T00:00:00Z,1982,1985,4,288,562,84,140,22,2,6,53,16,11,40,6,60,7,8,0.249,2
박준영,1953-02-20T00:00:00Z,1982,1984,3,133,342,34,75,14,0,3,26,0,3,38,1,63,1,4,0.219,2
정현발,1953-02-20T00:00:00Z,1982,1988,7,477,1202,158,313,59,4,46,187,15,19,161,6,204,29,11,0.26,2
김정수,1953-04-02T00:00:00Z,1982,1986,5,345,966,129,226,46,6,23,114,20,18,156,7,137,14,11,0.234,4
천보성,1953-06-11T00:00:00Z,1982,1984,3,171,444,56,106,22,1,8,55,10,5,47,2,41,7,12,0.239,6
김구길,1953-06-16T00:00:00Z,1982,1982,1,32,64,1,13,1,0,0,2,1,1,3,0,15,0,3,0.203,6
이성득,1953-07-21T00:00:00Z,1982,1982,1,52,116,6,22,1,0,0,2,2,2,12,0,8,5,7,0.19,7
김인식,1953-11-09T00:00:00Z,1982,1988,7,663,2167,260,553,67,11,11,153,99,46,107,60,110,38,79,0.255,11
김봉기,1953-12-23T00:00:00Z,1982,1987,6,145,81,36,20,2,1,0,11,5,7,6,5,13,2,1,0.247,12
김일환,1954-01-11T00:00:00Z,1982,1989,8,446,947,88,227,41,3,0,76,8,16,93,5,116,25,20,0.24,1
배대웅,1954-03-02T00:00:00Z,1982,1986,5,355,822,85,213,32,3,11,83,24,7,72,4,52,16,20,0.259,3
정구왕,1954-03-26T00:00:00Z,1982,1986,5,288,712,69,166,11,4,4,49,34,23,41,10,86,16,14,0.233,3
김유동,1954-04-09T00:00:00Z,1982,1985,4,135,378,41,89,15,1,10,41,4,4,14,4,45,10,5,0.235,4
김재박,1954-05-23T00:00:00Z,1982,1992,11,966,3561,512,972,148,26,28,321,284,119,364,45,279,53,134,0.273,5
조흥운,1954-08-13T00:00:00Z,1982,1986,5,282,774,100,187,33,8,5,71,69,29,59,2,105,11,21,0.242,8
김호인,1954-09-12T00:00:00Z,1982,1982,1,64,215,23,60,16,0,6,24,4,2,17,1,21,4,2,0.279,9
손상대,1954-10-20T00:00:00Z,1982,1985,4,31,31,1,6,1,0,0,3,1,0,3,1,11,1,2,0.194,10
함학수,1955-01-02T00:00:00Z,1982,1987,6,481,1330,186,344,59,7,32,185,44,17,83,8,153,27,31,0.259,1
최순하,1955-01-15T00:00:00Z,1982,1982,1,37,82,5,17,0,0,0,5,0,0,10,1,7,1,0,0.207,1
김무관,1955-03-02T00:00:00Z,1982,1985,4,121,326,35,65,12,0,1,20,6,7,26,8,45,9,12,0.199,3
김한근,1955-03-05T00:00:00Z,1982,1990,9,575,1382,153,354,68,5,26,157,17,20,144,17,190,40,23,0.256,3
김바위,1955-04-08T00:00:00Z,1982,1991,10,677,1688,196,409,79,6,48,241,22,16,240,20,269,38,25,0.242,4
박찬,1955-04-26T00:00:00Z,1982,1986,5,121,274,35,69,14,0,2,24,5,3,23,2,51,7,3,0.252,4
배수희,1955-04-30T00:00:00Z,1982,1982,1,22,23,2,5,0,1,0,3,0,0,1,0,4,0,0,0.217,4
김준환,1955-05-19T00:00:00Z,1982,1989,8,668,2170,255,588,76,7,61,285,41,24,171,17,261,67,19,0.271,5
최정우,1955-06-02T00:00:00Z,1982,1984,3,105,141,21,24,2,1,0,8,6,2,13,0,29,3,2,0.17,6
김용운,1955-06-05T00:00:00Z,1982,1990,9,592,1484,127,367,52,4,9,162,10,10,82,17,129,52,51,0.247,6
이광은,1955-06-28T00:00:00Z,1982,1991,10,923,3279,475,929,149,26,90,473,119,60,311,55,313,82,69,0.283,6
서정환,1955-07-05T00:00:00Z,1982,1989,8,712,2277,289,609,75,9,22,199,136,70,213,33,265,39,122,0.267,7
김용희,1955-10-04T00:00:00Z,1982,1989,8,534,1783,201,482,69,10,61,260,15,13,151,18,161,56,51,0.27,10
유지훤,1955-10-04T00:00:00Z,1982,1988,7,627,1807,173,407,54,15,12,187,38,30,106,23,141,54,137,0.225,10
신언호,1955-12-18T00:00:00Z,1982,1990,9,729,2014,183,487,76,12,18,211,42,33,139,14,206,49,31,0.242,12
차동열,1956-01-17T00:00:00Z,1982,1991,9,432,960,84,207,25,3,9,84,12,7,80,10,153,29,59,0.216,1
김우근,1956-01-26T00:00:00Z,1982,1987,6,382,1037,140,263,35,8,11,85,65,24,111,9,111,22,11,0.254,1
정영기,1956-02-29T00:00:00Z,1982,1990,9,744,1963,172,472,57,10,8,162,25,21,144,10,211,46,99,0.24,2
손상득,1956-04-03T00:00:00Z,1982,1988,5,231,381,51,89,6,4,2,34,14,5,20,1,57,7,9,0.234,4
김용달,1956-05-10T00:00:00Z,1982,1988,7,313,590,66,153,28,4,12,71,7,5,77,2,102,24,13,0.259,5
유승안,1956-06-01T00:00:00Z,1982,1991,10,787,2189,238,576,85,3,92,359,15,22,264,10,411,50,37,0.263,6
최정기,1956-07-16T00:00:00Z,1982,1983,2,29,32,4,9,3,0,1,7,0,1,2,0,8,0,0,0.281,7
허규옥,1956-08-08T00:00:00Z,1982,1992,11,833,2507,375,705,97,37,21,225,156,68,221,14,358,31,23,0.281,8
김일권,1956-09-20T00:00:00Z,1982,1991,10,842,2817,364,713,101,16,28,243,363,146,267,22,187,56,27,0.253,9
정학수,1956-12-04T00:00:00Z,1982,1989,6,355,1052,137,283,52,6,6,92,27,20,141,8,92,19,34,0.269,12
금광옥,1956-12-19T00:00:00Z,1982,1988,7,413,1164,113,273,47,4,29,125,6,8,105,8,169,22,18,0.235,12
김경훈,1957-01-10T00:00:00Z,1982,1982,1,29,35,3,3,1,0,0,1,1,0,5,0,9,1,2,0.086,1
이철성,1957-03-14T00:00:00Z,1982,1986,3,108,254,22,62,12,1,0,19,3,6,20,1,16,4,12,0.244,3
박정환,1957-05-25T00:00:00Z,1982,1992,9,385,736,76,172,27,1,22,106,4,7,35,13,154,12,13,0.234,5
김종윤,1957-06-19T00:00:00Z,1982,1986,5,255,575,71,131,23,8,5,48,17,17,58,7,117,11,3,0.228,6
차영화,1957-06-27T00:00:00Z,1982,1989,8,526,1236,136,290,33,4,2,75,80,42,90,11,100,25,46,0.235,6
홍순만,1957-07-11T00:00:00Z,1982,1986,2,14,19,3,1,0,0,0,0,0,0,4,0,3,4,1,0.053,7
김휘욱,1957-08-11T00:00:00Z,1982,1982,1,34,64,5,10,1,1,1,9,0,0,1,0,8,1,1,0.156,8
송진호,1957-08-16T00:00:00Z,1982,1982,1,35,80,11,11,2,0,1,7,3,2,2,0,18,0,0,0.138,8
김용철,1957-09-21T00:00:00Z,1982,1992,11,1024,3415,479,968,192,10,131,555,74,42,369,29,382,109,66,0.283,9
조호,1957-09-22T00:00:00Z,1982,1985,3,73,66,11,15,2,0,0,5,4,2,7,5,16,1,15,0.227,9
박재천,1957-10-10T00:00:00Z,1982,1986,2,14,21,2,3,0,1,0,0,1,0,1,0,3,0,5,0.143,10
장태수,1957-10-15T00:00:00Z,1982,1992,11,991,2532,428,692,110,20,48,291,151,71,331,41,324,40,20,0.273,10
양세종,1958-01-17T00:00:00Z,1982,1990,7,493,1491,166,403,64,11,27,199,35,31,114,17,157,41,64,0.27,1
이윤섭,1958-03-01T00:00:00Z,1982,1982,1,25,31,3,6,2,0,1,5,0,0,2,0,10,1,0,0.194,3
이근식,1958-03-02T00:00:00Z,1982,1982,1,20,27,1,5,1,0,0,1,1,1,1,0,11,0,0,0.185,3
김진철,1958-04-18T00:00:00Z,1982,1982,1,29,46,3,6,1,1,0,4,0,2,3,1,12,1,4,0.13,4
김성한,1958-05-18T00:00:00Z,1982,1995,14,1338,4850,762,1389,247,14,207,781,143,67,483,88,696,91,126,0.286,5
김용만,1958-07-26T00:00:00Z,1982,1982,1,56,102,7,15,3,0,0,7,2,1,6,1,10,3,10,0.147,7
장정기,1958-08-10T00:00:00Z,1982,1985,4,134,308,50,69,16,1,4,30,11,3,39,10,36,4,16,0.224,8
임정면,1958-09-17T00:00:00Z,1982,1988,7,160,291,33,66,8,1,2,15,6,5,25,9,38,3,23,0.227,9
이만수,1958-09-19T00:00:00Z,1982,1997,16,1449,4310,625,1276,193,7,252,861,52,47,554,118,490,140,61,0.296,9
박용성,1958-09-30T00:00:00Z,1982,1988,7,359,922,108,238,34,4,43,145,12,13,94,18,158,29,13,0.258,9
김경문,1958-11-01T00:00:00Z,1982,1991,10,700,1494,119,329,60,1,6,126,17,19,89,21,150,24,45,0.22,11
김광수,1959-01-03T00:00:00Z,1982,1992,11,1046,3457,434,859,116,13,27,306,189,101,393,50,267,88,73,0.248,1
박전섭,1959-02-04T00:00:00Z,1982,1985,4,68,152,12,32,5,1,0,12,0,1,7,2,22,5,8,0.211,2
조충열,1959-02-25T00:00:00Z,1982,1990,9,564,1163,104,251,35,4,3,66,15,11,71,14,118,45,68,0.216,2
최영환,1959-02-28T00:00:00Z,1982,1989,5,134,255,22,50,7,3,4,25,0,2,18,3,47,9,14,0.196,2
이경수,1959-05-27T00:00:00Z,1982,1982,1,28,59,9,11,3,1,0,3,1,0,2,1,8,1,0,0.186,5
양승관,1959-06-02T00:00:00Z,1982,1990,8,444,1334,150,330,66,6,31,154,14,19,99,12,202,29,26,0.247,6
이근식,1959-06-23T00:00:00Z,1982,1986,5,249,477,47,111,16,1,1,41,10,4,34,9,47,11,2,0.233,6
김재상,1959-07-06T00:00:00Z,1982,1991,8,391,676,121,158,20,4,4,52,88,39,72,9,79,9,17,0.234,7
엄태섭,1959-07-17T00:00:00Z,1982,1984,3,44,105,8,19,3,0,0,6,2,0,4,0,14,1,1,0.181,7
허운,1959-08-18T00:00:00Z,1982,1984,3,76,192,17,44,4,0,2,12,0,0,7,2,28,1,26,0.229,8
김종모,1959-11-01T00:00:00Z,1982,1992,11,850,2739,329,815,111,10,82,395,26,31,250,15,257,105,29,0.298,11
김경남,1959-11-05T00:00:00Z,1982,1988,7,360,852,71,178,33,8,7,61,6,5,47,4,120,25,12,0.209,11
정종현,1959-12-05T00:00:00Z,1982,1987,6,147,271,32,60,8,2,11,31,1,4,20,10,34,8,7,0.221,12
오대석,1960-01-02T00:00:00Z,1982,1991,10,723,2055,249,514,77,7,36,248,41,20,250,22,263,47,100,0.25,1
정문섭,1960-04-04T00:00:00Z,1982,1985,3,75,136,13,25,3,0,4,13,0,2,16,1,36,1,2,0.184,4
정혁진,1960-07-05T00:00:00Z,1982,1983,2,95,217,19,52,8,1,3,25,3,2,7,3,29,3,4,0.24,7
조범현,1960-10-01T00:00:00Z,1982,1992,11,615,1091,102,219,37,5,12,107,15,15,64,3,179,16,38,0.201,10
송경섭,1960-11-26T00:00:00Z,1982,1982,1,53,152,9,30,9,1,2,20,2,1,12,5,41,4,13,0.197,11
이상윤,1960-12-21T00:00:00Z,1982,1982,1,2,1,1,0,0,0,0,0,0,0,0,0,1,0,0,0,12
신경식,1961-08-19T00:00:00Z,1982,1995,14,1364,4650,559,1282,208,38,56,560,156,75,384,54,346,72,65,0.276,8
이찬선,1962-05-21T00:00:00Z,1982,1982,1,22,56,2,3,0,0,0,3,0,0,1,1,11,2,1,0.054,5
김진홍,1962-09-10T00:00:00Z,1982,1989,6,55,63,5,15,1,1,0,3,1,1,5,0,5,1,2,0.238,9
문주모,1962-11-14T00:00:00Z,1982,1982,1,11,14,1,1,0,0,0,0,0,0,1,0,4,1,0,0.071,11
최영조,1963-01-15T00:00:00Z,1982,1982,1,25,32,1,5,0,0,0,1,1,0,5,0,11,1,1,0.156,1
구재서,1963-08-15T00:00:00Z,1982,1989,6,171,33,61,4,1,0,0,2,10,7,2,1,5,2,2,0.121,8
구천서,1963-08-15T00:00:00Z,1982,1993,12,836,1864,269,455,61,16,22,177,75,37,245,35,330,30,73,0.244,8
박종호,1964-12-07T00:00:00Z,1982,1982,1,4,4,0,2,0,0,0,2,0,0,1,0,0,1,2,0.5,12
우용득,1950-02-13T00:00:00Z,1983,1983,1,14,18,0,2,0,0,0,1,0,0,2,0,5,0,0,0.111,2
이해창,1953-04-23T00:00:00Z,1983,1988,6,577,1873,317,508,88,19,32,181,144,81,225,17,239,23,5,0.271,4
심재원,1953-07-30T00:00:00Z,1983,1991,9,551,1128,102,240,27,1,10,90,21,8,88,14,143,17,42,0.213,7
조종규,1955-10-08T00:00:00Z,1983,1984,2,46,48,2,3,0,0,1,1,1,0,5,2,16,2,3,0.062,10
김대진,1955-12-22T00:00:00Z,1983,1987,5,269,568,61,135,17,2,8,46,5,2,52,14,77,8,9,0.238,12
정진호,1956-06-23T00:00:00Z,1983,1990,8,448,1035,110,261,43,4,6,89,25,25,103,14,142,25,75,0.252,6
장효조,1956-07-06T00:00:00Z,1983,1992,10,961,3050,485,1009,157,36,54,437,109,61,506,27,289,31,11,0.331,7
유두열,1956-10-29T00:00:00Z,1983,1991,9,734,2224,298,588,102,14,58,268,56,40,256,47,220,47,28,0.264,10
정구선,1956-12-15T00:00:00Z,1983,1990,8,768,2574,308,644,93,5,84,316,18,20,365,33,283,53,54,0.25,12
우경하,1957-10-15T00:00:00Z,1983,1988,6,322,854,77,192,26,3,17,70,5,12,39,21,137,19,14,0.225,10
박승호,1958-02-09T00:00:00Z,1983,1993,11,947,2485,312,685,125,5,87,432,20,18,295,51,273,53,5,0.276,2
김진우,1958-09-24T00:00:00Z,1983,1989,6,471,1453,168,363,62,5,43,173,16,13,196,25,240,52,38,0.25,9
장진범,1959-01-02T00:00:00Z,1983,1987,5,140,214,18,49,9,0,0,22,4,4,7,2,25,9,14,0.229,1
박종훈,1959-06-12T00:00:00Z,1983,1989,7,679,2209,281,640,94,17,32,231,71,40,213,21,145,28,14,0.29,6
송일섭,1959-08-17T00:00:00Z,1983,1990,8,613,1512,183,389,73,4,39,163,15,14,170,39,227,31,11,0.257,8
박영태,1959-08-25T00:00:00Z,1983,1992,10,677,1345,170,305,40,11,2,106,50,24,102,19,213,25,82,0.227,8
김석일,1959-11-26T00:00:00Z,1983,1987,5,223,402,41,94,13,3,6,35,8,5,55,7,64,6,2,0.234,11
양승호,1960-01-10T00:00:00Z,1983,1986,4,195,413,33,92,14,2,4,41,5,3,28,13,44,16,18,0.223,1
김종근,1960-03-16T00:00:00Z,1983,1983,1,12,10,0,2,0,0,0,0,0,0,0,0,1,0,2,0.2,3
황병일,1960-03-22T00:00:00Z,1983,1990,8,368,676,67,149,26,5,9,64,16,16,64,10,124,20,4,0.22,3
김성호,1960-03-26T00:00:00Z,1983,1985,3,140,247,27,47,6,1,3,17,12,6,14,3,42,6,22,0.19,3
최홍석,1960-03-28T00:00:00Z,1983,1991,7,311,611,42,146,22,0,8,62,3,0,40,9,97,24,0,0.239,3
김문영,1960-04-24T00:00:00Z,1983,1988,6,191,283,24,53,10,0,1,20,4,4,16,1,47,8,4,0.187,4
박철영,1960-05-22T00:00:00Z,1983,1988,6,200,379,39,80,19,3,5,36,3,4,34,3,97,6,11,0.211,5
홍승규,1960-06-20T00:00:00Z,1983,1990,8,497,1199,173,303,46,5,18,98,39,36,115,8,167,16,9,0.253,6
김호근,1960-06-29T00:00:00Z,1983,1993,11,690,1570,140,375,72,10,26,180,9,10,124,7,263,51,33,0.239,6
한대화,1960-07-08T00:00:00Z,1983,1997,15,1331,4264,610,1190,199,20,163,712,79,52,608,33,567,118,172,0.279,7
유성룡,1960-07-18T00:00:00Z,1983,1985,3,38,66,4,16,1,0,0,12,2,1,1,2,12,2,3,0.242,7
이광길,1960-08-04T00:00:00Z,1983,1992,9,561,1256,148,288,56,7,7,120,48,36,206,19,183,32,50,0.229,8
김정수,1960-10-13T00:00:00Z,1983,1985,3,181,457,46,102,18,5,7,50,9,6,57,2,106,10,6,0.223,10
이성수,1960-10-23T00:00:00Z,1983,1986,3,55,85,12,16,3,1,0,8,6,4,7,1,13,0,0,0.188,10
김동재,1960-10-31T00:00:00Z,1983,1993,11,566,1326,166,347,62,8,30,166,27,26,112,27,185,36,36,0.262,10
이선웅,1961-02-11T00:00:00Z,1983,1992,10,878,2633,223,666,102,7,23,282,35,26,233,32,250,99,71,0.253,2
한문연,1961-04-10T00:00:00Z,1983,1992,10,663,1490,119,381,68,4,14,163,8,10,144,11,123,41,49,0.256,4
김근석,1962-06-18T00:00:00Z,1983,1988,6,394,1020,92,258,44,0,14,98,8,14,57,28,107,23,35,0.253,6
박해종,1952-09-09T00:00:00Z,1984,1985,2,43,84,2,18,3,0,0,11,0,0,8,1,10,3,3,0.214,9
이삼열,1955-03-10T00:00:00Z,1984,1984,1,3,2,0,0,0,0,0,0,0,0,0,0,0,0,0,0,3
김성호,1955-09-01T00:00:00Z,1984,1987,3,33,32,1,5,1,0,0,0,0,0,4,1,7,0,0,0.156,9
김진근,1956-03-16T00:00:00Z,1984,1987,4,109,84,21,14,2,0,1,6,4,4,4,1,9,5,5,0.167,3
유제룡,1956-08-11T00:00:00Z,1984,1986,2,77,167,17,34,3,1,0,8,5,5,14,0,23,3,1,0.204,8
홍희섭,1957-02-08T00:00:00Z,1984,1985,2,15,13,3,6,1,0,0,1,0,0,0,0,3,0,0,0.462,2
이석규,1957-02-13T00:00:00Z,1984,1986,2,72,109,12,18,3,0,2,8,1,0,15,0,22,5,4,0.165,2
정인교,1957-12-23T00:00:00Z,1984,1987,4,48,58,3,8,1,0,0,4,0,0,4,2,10,6,2,0.138,12
김경표,1960-04-29T00:00:00Z,1984,1989,6,245,413,45,97,12,4,3,36,16,8,50,2,68,8,21,0.235,4
김상훈,1960-07-06T00:00:00Z,1984,1995,12,1143,4101,449,1181,210,31,72,572,50,25,356,38,454,113,59,0.288,7
김이수,1960-08-04T00:00:00Z,1984,1986,3,99,155,25,26,6,1,2,10,7,7,9,1,29,2,4,0.168,8
강정남,1960-08-14T00:00:00Z,1984,1984,1,22,50,5,5,3,0,0,2,0,0,2,1,13,0,1,0.1,8
사인상,1960-12-18T00:00:00Z,1984,1986,2,8,9,1,2,1,0,0,0,0,0,0,0,4,0,1,0.222,12
김광림,1961-03-09T00:00:00Z,1984,1999,16,1630,4760,619,1358,194,50,35,431,170,101,480,25,537,58,30,0.285,3
김민호,1961-04-28T00:00:00Z,1984,1996,13,1207,3779,488,1050,221,27,106,606,64,28,491,27,560,77,63,0.278,4
김명구,1961-05-15T00:00:00Z,1984,1988,5,112,94,6,16,0,0,1,5,1,1,9,0,15,0,1,0.17,5
김영균,1961-07-12T00:00:00Z,1984,1988,5,211,394,34,91,17,1,7,39,5,4,45,10,68,20,1,0.231,7
조성옥,1961-08-25T00:00:00Z,1984,1995,12,917,2148,227,532,78,17,5,211,38,43,229,24,218,30,13,0.248,8
김성래,1961-12-03T00:00:00Z,1984,2000,17,1277,3633,490,1008,170,10,147,595,24,24,502,95,620,88,89,0.277,12
배원영,1962-01-15T00:00:00Z,1984,1986,2,7,2,1,0,0,0,0,0,0,0,1,0,1,0,0,0,1
김한조,1962-01-25T00:00:00Z,1984,1988,5,225,348,38,75,12,1,6,36,4,3,44,2,61,5,2,0.216,1
정성룡,1964-05-19T00:00:00Z,1984,1995,11,528,1015,117,231,46,1,27,125,9,5,158,12,206,19,6,0.228,5
임창호,1959-01-05T00:00:00Z,1985,1985,1,3,1,0,0,0,0,0,0,0,0,0,0,0,0,1,0,1
이승희,1959-04-03T00:00:00Z,1985,1992,7,556,1311,163,338,48,22,17,120,35,26,126,6,232,29,67,0.258,4
박명운,1959-07-17T00:00:00Z,1985,1985,1,2,2,0,0,0,0,0,0,0,0,0,0,0,0,0,0,7
박기수,1959-11-27T00:00:00Z,1985,1985,1,4,4,0,0,0,0,0,0,0,0,0,0,0,0,0,0,11
이순철,1961-04-18T00:00:00Z,1985,1998,14,1388,4775,768,1252,217,30,145,612,371,145,544,81,687,130,55,0.262,4
김명성,1961-08-24T00:00:00Z,1985,1986,2,92,134,16,23,3,1,0,7,2,6,15,1,21,1,2,0.172,8
최재은,1961-08-24T00:00:00Z,1985,1985,1,2,2,0,0,0,0,0,0,0,0,0,0,2,0,0,0,8
양후승,1961-09-11T00:00:00Z,1985,1992,7,387,450,83,101,15,3,6,32,17,17,62,3,103,7,14,0.224,9
김영신,1961-11-09T00:00:00Z,1985,1986,2,22,32,1,5,0,0,0,2,0,0,1,0,5,1,2,0.156,11
박흥식,1962-01-05T00:00:00Z,1985,1993,9,660,2024,252,519,65,25,12,189,73,45,261,46,218,37,15,0.256,1
이병억,1962-01-05T00:00:00Z,1985,1986,2,24,8,0,0,0,0,0,0,0,0,0,0,3,0,2,0,1
탁재원,1962-01-14T00:00:00Z,1985,1985,1,10,14,0,4,1,0,0,0,0,1,1,0,1,0,0,0.286,1
홍순호,1962-01-21T00:00:00Z,1985,1987,3,29,28,3,3,1,1,0,1,0,0,4,0,3,2,0,0.107,1
이동완,1962-02-14T00:00:00Z,1985,1985,1,16,24,0,2,0,0,0,1,0,0,2,0,9,0,2,0.083,2
김태업,1962-02-19T00:00:00Z,1985,1985,1,35,47,6,7,2,0,0,3,2,1,4,0,12,2,0,0.149,2
이종두,1962-04-05T00:00:00Z,1985,1997,13,1054,3133,498,845,131,20,105,438,127,59,319,44,500,80,45,0.27,4
유지홍,1962-04-24T00:00:00Z,1985,1990,6,264,513,40,127,17,0,2,42,8,9,32,6,69,9,3,0.248,4
김성갑,1962-05-03T00:00:00Z,1985,1995,11,942,2416,296,567,90,11,14,218,78,47,263,41,298,46,61,0.235,5
김용국,1962-06-21T00:00:00Z,1985,1995,11,1092,3018,359,753,123,9,46,358,50,34,324,20,390,77,146,0.25,6
김형석,1962-08-18T00:00:00Z,1985,1998,14,1416,4866,548,1345,221,44,119,656,45,45,454,20,686,128,54,0.276,8
한영준,1962-11-14T00:00:00Z,1985,1996,12,1009,2838,385,717,126,17,48,314,91,62,400,64,344,65,65,0.253,11
윤덕규,1963-02-25T00:00:00Z,1985,1997,13,1275,4073,480,1161,192,48,47,438,73,55,338,27,490,97,28,0.285,2
박희찬,1963-05-01T00:00:00Z,1985,1988,4,26,25,3,6,1,0,0,1,0,0,4,1,8,0,0,0.24,5
김정태,1957-01-01T00:00:00Z,1986,1987,2,95,180,14,42,6,0,1,10,2,5,29,2,27,8,1,0.233,1
김종수,1957-03-15T00:00:00Z,1986,1987,2,117,256,25,64,5,0,0,17,4,3,37,3,33,4,17,0.25,3
오덕환,1959-02-14T00:00:00Z,1986,1988,3,198,344,23,69,7,0,0,16,4,4,21,2,34,6,18,0.201,2
최광묵,1960-01-01T00:00:00Z,1986,1986,1,23,18,2,3,0,0,0,0,0,0,1,0,2,0,0,0.167,1
김경갑,1960-02-01T00:00:00Z,1986,1987,2,105,179,14,43,5,0,6,56,1,0,19,0,32,4,8,0.24,2
이강돈,1961-02-27T00:00:00Z,1986,1997,12,1217,3979,533,1132,202,38,87,556,88,75,387,17,657,68,59,0.284,2
이군노,1961-02-27T00:00:00Z,1986,1986,1,26,14,3,2,0,0,0,1,0,1,2,0,1,1,2,0.143,2
장훈,1961-06-26T00:00:00Z,1986,1986,1,2,2,0,0,0,0,0,0,0,0,0,0,1,1,0,0,6
도이석,1961-09-13T00:00:00Z,1986,1987,2,72,36,15,5,3,0,0,6,2,1,6,0,7,1,0,0.139,9
전대영,1962-01-10T00:00:00Z,1986,1994,9,584,1292,149,351,53,6,52,220,12,5,146,9,231,40,24,0.272,1
이광근,1962-01-24T00:00:00Z,1986,1992,7,401,917,90,239,62,5,12,103,2,12,104,10,135,18,2,0.261,1
서효인,1962-02-06T00:00:00Z,1986,1995,10,304,488,38,101,13,2,10,56,4,4,61,19,101,13,11,0.207,2
송상진,1962-03-22T00:00:00Z,1986,1986,1,8,5,0,0,0,0,0,0,0,0,0,0,0,0,1,0,3
이복근,1962-04-21T00:00:00Z,1986,1991,6,265,448,37,94,20,2,6,45,2,5,41,2,124,4,32,0.21,4
임순태,1962-05-05T00:00:00Z,1986,1986,1,12,26,1,4,0,0,0,2,2,0,2,0,4,0,0,0.154,5
김성수,1962-05-07T00:00:00Z,1986,1989,4,43,49,2,7,2,0,0,0,1,1,2,1,8,0,2,0.143,5
김현택,1962-05-09T00:00:00Z,1986,1986,1,9,15,2,1,0,0,0,1,0,0,3,1,5,1,0,0.067,5
이정은,1962-05-23T00:00:00Z,1986,1986,1,35,70,6,12,5,1,0,7,0,1,5,1,14,0,1,0.171,5
유해덕,1962-06-21T00:00:00Z,1986,1988,3,61,47,10,7,1,0,0,1,3,3,4,0,7,0,1,0.149,6
이성근,1962-06-23T00:00:00Z,1986,1988,3,19,40,5,9,2,0,0,5,0,0,1,0,9,0,1,0.225,6
윤홍식,1962-06-26T00:00:00Z,1986,1987,2,47,57,8,13,4,1,0,1,2,3,1,2,15,1,0,0.228,6
강정길,1962-07-25T00:00:00Z,1986,1995,10,1037,2871,302,765,134,9,52,387,28,30,351,45,362,83,52,0.266,7
박노준,1962-10-26T00:00:00Z,1986,1997,12,1016,2920,368,765,110,27,28,266,154,73,223,44,302,39,20,0.262,10
최무영,1962-11-02T00:00:00Z,1986,1989,4,66,98,11,17,3,0,2,7,2,2,9,2,18,2,0,0.173,11
김수길,1963-02-01T00:00:00Z,1986,1990,5,132,187,20,42,8,0,3,15,4,1,14,1,40,6,6,0.225,2
이창원,1963-02-22T00:00:00Z,1986,1993,7,221,365,53,85,18,4,12,52,7,5,20,22,70,10,6,0.233,2
민경삼,1963-02-24T00:00:00Z,1986,1992,7,560,1072,144,233,26,10,6,94,53,30,84,29,124,23,49,0.217,2
임경택,1963-03-02T00:00:00Z,1986,1992,6,149,228,18,55,7,4,0,27,3,0,23,3,30,8,1,0.241,3
김상국,1963-04-05T00:00:00Z,1986,1997,12,1092,2663,270,673,102,16,57,334,35,26,295,19,328,83,62,0.253,4
이건열,1963-04-25T00:00:00Z,1986,1997,12,896,2401,266,576,72,4,30,252,55,33,189,25,383,64,23,0.24,4
구윤,1963-06-18T00:00:00Z,1986,1994,9,399,971,101,240,49,2,13,104,21,23,75,14,260,13,12,0.247,6
김성현,1963-08-21T00:00:00Z,1986,1998,10,622,1490,156,381,49,12,35,199,16,13,118,20,264,39,35,0.256,8
최계영,1963-09-03T00:00:00Z,1986,1993,8,593,1391,187,351,54,15,7,117,57,33,175,13,118,29,9,0.252,9
김평호,1963-12-23T00:00:00Z,1986,1992,5,458,736,103,162,27,4,6,60,62,37,92,8,110,13,8,0.22,12
김동기,1964-03-05T00:00:00Z,1986,1996,11,1019,3101,422,812,166,9,108,435,35,34,414,60,583,94,63,0.262,3
장채근,1964-03-28T00:00:00Z,1986,1995,10,734,1979,237,452,74,0,97,285,6,7,240,18,367,68,38,0.228,3
신성철,1964-08-10T00:00:00Z,1986,1986,1,1,1,0,0,0,0,0,0,0,0,0,0,0,0,0,0,8
김종문,1964-11-10T00:00:00Z,1986,1991,6,70,52,3,13,2,0,1,9,0,2,6,0,5,0,3,0.25,11
최동창,1965-06-07T00:00:00Z,1986,1994,9,371,780,88,194,35,4,19,95,4,5,123,21,178,24,14,0.249,6
김경호,1972-04-24T00:00:00Z,1986,1986,1,3,4,0,0,0,0,0,0,0,0,0,0,1,0,1,0,4
김윤환,1957-08-01T00:00:00Z,1987,1991,5,457,1203,153,309,62,9,28,170,66,33,147,6,163,31,18,0.257,8
김영직,1960-09-26T00:00:00Z,1987,1995,9,715,1594,172,404,63,20,25,220,18,25,189,9,185,27,18,0.253,9
정태관,1961-06-05T00:00:00Z,1987,1988,2,9,19,1,3,1,0,0,0,0,0,0,0,4,1,0,0.158,6
이재성,1962-04-24T00:00:00Z,1987,1991,5,112,152,23,31,4,2,0,10,4,3,19,3,42,4,9,0.204,4
안대환,1962-09-14T00:00:00Z,1987,1993,7,387,484,83,104,21,6,8,49,26,20,38,3,76,5,3,0.215,9
이연수,1963-03-03T00:00:00Z,1987,1999,9,299,653,77,153,17,2,11,63,15,18,66,16,94,18,7,0.234,3
김정수,1963-03-15T00:00:00Z,1987,1992,5,139,132,27,23,4,0,0,13,4,5,8,6,35,0,2,0.174,3
류중일,1963-04-28T00:00:00Z,1987,1999,13,1095,3293,475,874,150,24,45,359,109,40,363,38,507,62,125,0.265,4
황윤태,1963-05-08T00:00:00Z,1987,1989,3,57,44,11,4,1,0,0,2,1,1,4,0,8,1,0,0.091,5
박태호,1963-05-13T00:00:00Z,1987,1992,6,204,385,34,99,10,0,5,40,10,1,17,1,57,13,23,0.257,5
백인호,1963-05-19T00:00:00Z,1987,1999,12,953,2853,329,743,111,15,40,270,82,43,287,46,312,72,98,0.26,5
이정훈,1963-08-28T00:00:00Z,1987,1997,11,918,3072,515,918,152,37,66,353,151,55,312,44,246,34,19,0.299,8
이중화,1964-02-11T00:00:00Z,1987,1996,10,711,1678,256,437,61,16,7,148,89,43,132,10,132,25,13,0.26,2
김만후,1964-03-26T00:00:00Z,1987,1992,3,202,538,64,139,23,3,8,59,12,3,51,8,57,25,12,0.258,3
박철우,1964-04-12T00:00:00Z,1987,1998,12,961,2519,247,701,121,5,59,372,7,9,269,48,356,69,8,0.278,4
김종갑,1964-06-18T00:00:00Z,1987,1992,6,218,359,60,79,13,1,12,40,8,6,55,2,80,6,5,0.22,6
조재환,1964-11-19T00:00:00Z,1987,1990,4,217,505,47,120,12,0,1,15,4,5,53,1,48,8,4,0.238,11
정국헌,1964-11-25T00:00:00Z,1987,1990,4,48,61,6,10,2,0,1,4,3,0,2,1,19,3,1,0.164,11
정상진,1964-12-10T00:00:00Z,1987,1992,5,165,323,22,73,13,1,1,29,6,2,17,4,37,5,3,0.226,12
조용호,1965-02-13T00:00:00Z,1987,1993,6,361,843,132,246,30,6,6,60,24,32,94,24,149,13,9,0.292,2
전종화,1965-08-10T00:00:00Z,1987,1997,10,355,521,52,117,19,2,12,60,8,4,41,8,116,11,19,0.225,8
장종훈,1968-04-10T00:00:00Z,1987,2005,19,1950,6292,1043,1771,331,25,340,1145,122,80,866,131,1354,110,123,0.281,4
박현영,1968-08-30T00:00:00Z,1987,1998,11,522,1060,100,248,38,7,22,121,8,4,49,21,210,34,37,0.234,8
곽동열,1955-05-10T00:00:00Z,1988,1989,2,42,47,7,14,3,0,1,4,0,0,1,2,10,1,2,0.298,5
박상국,1960-09-06T00:00:00Z,1988,1992,5,229,419,42,90,17,3,5,42,6,3,46,2,84,10,4,0.215,9
임채섭,1963-12-25T00:00:00Z,1988,1989,2,4,7,0,0,0,0,0,0,0,0,0,0,2,0,0,0,12
이홍식,1964-01-30T00:00:00Z,1988,1989,2,77,111,12,22,3,1,0,5,0,1,6,0,28,2,1,0.198,1
김광윤,1964-03-05T00:00:00Z,1988,1990,2,19,14,0,2,0,0,0,0,0,0,1,0,1,1,0,0.143,3
조양근,1964-03-22T00:00:00Z,1988,1994,7,533,1189,143,276,35,8,6,91,51,25,96,11,163,24,46,0.232,3
조상헌,1964-05-03T00:00:00Z,1988,1989,2,30,52,8,11,2,0,0,2,2,2,1,0,10,0,4,0.212,5
박성현,1964-07-02T00:00:00Z,1988,1988,1,3,4,0,1,0,0,0,0,0,0,0,0,0,0,0,0.25,7
이현택,1964-09-28T00:00:00Z,1988,1992,5,207,484,72,118,23,0,13,60,17,8,63,2,80,4,7,0.244,9
차영석,1964-10-06T00:00:00Z,1988,1989,2,26,21,2,2,0,0,0,1,0,0,4,0,4,0,0,0.095,10
여태구,1964-12-10T00:00:00Z,1988,1995,8,589,1495,200,376,62,17,18,148,86,33,168,10,201,11,15,0.252,12
김용희,1964-12-20T00:00:00Z,1988,1989,2,64,38,27,7,0,0,0,0,14,5,4,2,11,0,0,0.184,12
송형석,1965-01-28T00:00:00Z,1988,1988,1,6,6,0,1,0,0,0,0,0,0,0,0,1,1,1,0.167,1
오효근,1965-02-13T00:00:00Z,1988,1990,3,26,25,6,4,0,0,0,1,2,0,2,1,9,1,1,0.16,2
서창기,1965-03-07T00:00:00Z,1988,1992,4,202,373,37,76,19,4,2,40,2,5,51,4,97,14,17,0.204,3
길홍규,1965-03-31T00:00:00Z,1988,1996,9,364,591,55,150,17,0,8,66,8,6,50,1,97,26,5,0.254,3
유동효,1965-04-16T00:00:00Z,1988,1994,6,435,885,103,187,33,4,17,83,10,5,108,11,220,22,47,0.211,4
강병선,1965-05-09T00:00:00Z,1988,1988,1,1,2,0,0,0,0,0,0,0,0,0,0,1,0,0,0,5
김진규,1965-05-10T00:00:00Z,1988,1993,6,306,611,82,140,27,6,11,70,25,12,79,5,112,10,7,0.229,5
고정식,1965-05-15T00:00:00Z,1988,1993,4,76,122,12,30,4,0,0,5,1,0,9,1,17,5,1,0.246,5
김상호,1965-10-19T00:00:00Z,1988,2000,13,1229,4192,581,1112,196,24,136,624,117,64,452,65,832,61,78,0.265,10
유광진,1965-10-19T00:00:00Z,1988,1988,1,11,26,2,6,0,0,0,2,0,0,1,1,2,0,1,0.231,10
김성규,1965-12-09T00:00:00Z,1988,1993,6,357,837,94,202,18,6,1,49,16,17,89,8,116,14,5,0.241,12
김원식,1966-02-13T00:00:00Z,1988,1988,1,1,1,0,0,0,0,0,0,0,0,0,0,1,0,0,0,2
곽권희,1966-10-14T00:00:00Z,1988,1992,4,160,275,35,63,12,1,5,27,4,4,29,2,60,5,12,0.229,10
양현기,1966-11-20T00:00:00Z,1988,1988,1,12,19,0,4,1,0,0,0,0,0,1,0,1,1,0,0.211,11
원원근,1967-03-02T00:00:00Z,1988,1995,8,458,1069,105,277,48,6,8,121,19,21,125,8,154,18,50,0.259,3
김승태,1969-03-07T00:00:00Z,1988,1988,1,1,2,0,1,0,0,0,1,0,0,0,0,0,0,0,0.5,3
김선훈,1969-12-16T00:00:00Z,1988,1989,2,17,24,3,3,1,0,0,0,1,0,3,0,6,0,4,0.125,12
김건우,1963-08-30T00:00:00Z,1989,1993,3,150,459,50,117,18,1,13,60,3,0,34,1,86,10,7,0.255,8
강기웅,1964-02-25T00:00:00Z,1989,1996,8,672,2287,328,667,95,18,61,304,111,42,175,25,209,54,49,0.292,2
김진한,1964-05-19T00:00:00Z,1989,1992,4,126,253,31,67,18,3,6,33,2,5,28,3,51,4,2,0.265,5
최해명,1964-12-25T00:00:00Z,1989,1993,5,240,543,58,141,32,2,3,55,8,5,57,9,62,22,27,0.26,12
노찬엽,1965-01-15T00:00:00Z,1989,1997,9,884,2788,368,778,121,38,43,380,59,58,283,25,258,77,7,0.279,1
강영수,1965-02-10T00:00:00Z,1989,1998,10,828,2092,274,464,83,8,86,311,18,14,329,17,524,47,43,0.222,2
이종옥,1965-03-11T00:00:00Z,1989,1992,4,26,42,7,10,1,1,0,0,1,0,2,0,14,0,2,0.238,3
장호익,1965-05-11T00:00:00Z,1989,1989,1,38,68,4,10,0,0,0,2,0,0,2,1,6,2,5,0.147,5
현남수,1965-07-14T00:00:00Z,1989,1991,3,112,143,19,30,4,1,0,7,4,3,9,0,21,1,5,0.21,7
김선일,1965-08-02T00:00:00Z,1989,1996,8,460,985,93,201,25,6,3,85,27,11,39,6,108,28,28,0.204,8
김응국,1966-01-14T00:00:00Z,1989,2003,15,1440,4950,744,1452,243,61,86,667,207,98,593,37,711,92,33,0.293,1
안민석,1966-02-07T00:00:00Z,1989,1989,1,29,40,6,7,0,0,0,1,1,3,5,0,5,1,0,0.175,2
이재호,1966-03-07T00:00:00Z,1989,1989,1,2,1,0,1,0,0,0,0,0,0,0,0,0,0,0,1,3
손경호,1966-03-10T00:00:00Z,1989,1990,2,8,3,1,1,0,0,0,0,0,0,0,0,1,0,2,0.333,3
문승훈,1966-03-14T00:00:00Z,1989,1992,4,109,156,19,34,3,1,4,19,1,0,23,2,33,3,3,0.218,3
이종운,1966-04-06T00:00:00Z,1989,1998,10,739,2132,258,580,72,34,9,212,98,34,108,18,282,30,10,0.272,4
이희성,1966-05-02T00:00:00Z,1989,1997,9,643,1680,198,401,58,19,11,117,82,48,144,16,250,26,8,0.239,5
하용석,1966-06-23T00:00:00Z,1989,1989,1,4,4,1,1,0,0,0,1,1,0,1,0,0,0,0,0.25,6
박선일,1966-07-22T00:00:00Z,1989,1996,8,287,495,42,118,20,1,7,44,3,6,37,5,74,10,19,0.238,7
이명수,1966-07-29T00:00:00Z,1989,2001,13,1219,3504,383,953,140,21,61,423,28,39,426,17,502,90,98,0.272,7
김태완,1966-08-20T00:00:00Z,1989,1991,3,140,126,24,26,8,0,0,15,8,7,8,0,17,4,2,0.206,8
김풍기,1966-10-19T00:00:00Z,1989,1990,2,16,5,0,0,0,0,0,0,0,0,0,0,2,0,0,0,10
김상우,1966-12-14T00:00:00Z,1989,1994,6,131,215,26,50,8,1,4,25,6,2,16,1,34,5,2,0.233,12
나웅,1967-01-11T00:00:00Z,1989,1995,6,292,382,81,93,13,6,3,36,37,23,41,9,67,8,20,0.243,1
이상대,1967-01-18T00:00:00Z,1989,1994,6,350,832,85,198,33,8,5,64,8,8,62,7,127,21,8,0.238,1
최훈재,1967-01-21T00:00:00Z,1989,2001,13,1054,2606,327,677,148,19,62,368,22,22,285,25,329,62,18,0.26,1
박성훈,1967-01-23T00:00:00Z,1989,1990,2,44,56,7,11,2,0,1,4,2,1,7,0,15,3,4,0.196,1
김인호,1967-01-26T00:00:00Z,1989,2001,13,1065,2783,411,640,110,16,52,263,99,64,296,51,478,56,75,0.23,1
이종호,1967-02-15T00:00:00Z,1989,1996,8,570,844,113,190,27,5,8,73,21,15,76,14,172,14,53,0.225,2
박준태,1967-02-22T00:00:00Z,1989,1998,10,720,1618,263,395,94,10,23,163,84,41,171,21,262,26,14,0.244,2
강종필,1967-02-28T00:00:00Z,1989,1997,7,427,564,111,137,17,3,15,54,39,15,55,12,148,11,6,0.243,2
윤재호,1967-03-06T00:00:00Z,1989,1996,8,615,1313,139,294,42,5,5,115,50,31,146,20,183,27,73,0.224,3
곽연수,1967-03-18T00:00:00Z,1989,1994,6,299,648,47,140,27,4,8,61,1,4,48,8,94,17,2,0.216,3
황대연,1967-07-20T00:00:00Z,1989,1996,7,550,1321,161,299,58,4,41,177,12,10,125,16,285,30,79,0.226,7
이승범,1967-07-27T00:00:00Z,1989,1989,1,4,3,0,0,0,0,0,0,0,0,0,0,0,0,0,0,7
나광남,1967-08-05T00:00:00Z,1989,1991,3,104,79,20,11,3,1,0,7,8,5,11,2,12,1,3,0.139,8
강석천,1967-12-07T00:00:00Z,1989,2003,15,1457,4833,670,1342,245,31,93,543,192,95,371,88,684,139,155,0.278,12
성군철,1968-05-25T00:00:00Z,1989,1992,4,156,144,42,29,4,1,1,15,15,9,8,3,31,1,1,0.201,5
정존수,1970-01-23T00:00:00Z,1989,1990,2,5,5,1,2,1,0,0,3,0,0,1,0,3,0,0,0.4,1
김기홍,1970-02-26T00:00:00Z,1989,1993,4,90,164,13,39,8,0,1,14,3,2,5,0,22,2,11,0.238,2
송명철,1970-05-01T00:00:00Z,1989,1995,5,23,25,1,4,2,0,0,2,0,0,1,0,8,0,0,0.16,5
박병호,1970-07-09T00:00:00Z,1989,1996,7,160,319,28,59,13,2,3,31,2,0,14,7,73,7,4,0.185,7
김용선,1970-08-09T00:00:00Z,1989,1997,9,410,911,103,208,40,5,18,79,20,16,93,12,224,18,33,0.228,8
이경복,1970-11-19T00:00:00Z,1989,1998,10,370,677,56,164,31,2,7,82,2,3,40,10,59,25,18,0.242,11
추상완,1971-01-28T00:00:00Z,1989,1989,1,1,1,0,0,0,0,0,0,0,0,0,0,1,0,0,0,1
김종석,1971-02-28T00:00:00Z,1989,2004,15,974,2448,314,644,128,18,48,336,32,24,280,13,396,70,14,0.263,2
박은진,1964-09-27T00:00:00Z,1990,1990,1,1,0,0,0,0,0,0,0,0,0,0,0,0,0,0,NA,9
진상봉,1965-04-06T00:00:00Z,1990,1997,8,399,813,117,199,30,4,27,105,12,12,129,28,159,25,6,0.245,4
조찬관,1965-06-20T00:00:00Z,1990,1990,1,1,1,0,0,0,0,0,0,0,0,0,0,0,0,0,0,6
정삼룡,1965-09-20T00:00:00Z,1990,1992,3,71,138,13,25,3,0,5,13,0,1,12,0,25,6,5,0.181,9
유태완,1965-09-28T00:00:00Z,1990,1990,1,13,6,0,1,0,0,0,0,0,0,0,0,1,1,0,0.167,9
윤성훈,1966-06-04T00:00:00Z,1990,1992,3,150,229,21,40,8,1,0,15,6,2,18,4,45,2,13,0.175,6
김종헌,1966-07-27T00:00:00Z,1990,2000,11,825,1702,267,425,65,17,5,152,114,62,180,22,308,26,9,0.25,7
김성재,1966-10-08T00:00:00Z,1990,1990,1,9,11,1,2,0,0,0,0,1,0,0,0,5,0,0,0.182,10
지화동,1967-01-20T00:00:00Z,1990,1994,5,404,806,104,167,32,2,3,68,36,21,57,4,132,16,41,0.207,1
유충돌,1967-02-12T00:00:00Z,1990,1991,2,33,53,4,10,3,0,2,6,0,0,1,2,20,1,0,0.189,2
김성일,1967-05-03T00:00:00Z,1990,1992,3,162,210,32,36,6,1,1,9,13,10,13,3,20,2,3,0.171,5
김선진,1967-05-05T00:00:00Z,1990,2000,11,816,1942,277,501,64,24,33,222,83,32,177,27,278,54,17,0.258,5
이병훈,1967-05-17T00:00:00Z,1990,1996,7,515,1317,136,352,41,2,38,169,8,8,87,6,173,45,8,0.267,5
박홍철,1967-06-12T00:00:00Z,1990,1993,3,8,6,0,2,0,0,0,1,0,0,0,0,1,0,0,0.333,6
최용철,1967-06-25T00:00:00Z,1990,1990,1,2,1,0,0,0,0,0,0,0,0,0,0,0,0,0,0,6
이호성,1967-07-17T00:00:00Z,1990,2001,12,1090,3563,569,968,159,22,102,526,167,55,498,44,659,89,38,0.272,7
손길호,1967-08-03T00:00:00Z,1990,1991,2,109,163,11,24,3,1,1,16,3,6,15,4,17,6,11,0.147,8
서준룡,1967-08-29T00:00:00Z,1990,1991,2,21,25,4,4,0,0,0,2,2,3,2,0,5,1,1,0.16,8
김태형,1967-09-12T00:00:00Z,1990,2001,12,827,1835,163,432,76,4,9,157,12,12,100,17,164,37,58,0.235,9
김우현,1967-10-13T00:00:00Z,1990,1990,1,4,2,0,0,0,0,0,0,0,0,0,0,1,0,0,0,10
최광천,1967-10-28T00:00:00Z,1990,1990,1,2,2,0,0,0,0,0,0,0,0,0,0,1,0,0,0,10
공필성,1967-11-11T00:00:00Z,1990,2000,11,1184,3061,363,760,151,26,41,346,106,46,277,94,580,61,119,0.248,11
강형석,1968-01-07T00:00:00Z,1990,1997,7,240,393,45,88,17,6,5,41,10,3,35,17,70,10,3,0.224,1
임형석,1968-01-29T00:00:00Z,1990,1997,8,628,1930,222,476,78,14,48,240,26,26,192,11,397,50,83,0.247,1
전봉석,1968-02-28T00:00:00Z,1990,1997,6,78,67,2,8,2,0,0,1,0,0,4,1,28,2,2,0.119,2
김경기,1968-04-05T00:00:00Z,1990,2001,12,1182,4020,515,1106,206,13,138,598,42,39,449,65,615,111,93,0.275,4
강광회,1968-06-23T00:00:00Z,1990,1994,3,33,10,5,3,0,0,0,0,1,1,0,0,2,0,0,0.3,6
정회열,1968-10-09T00:00:00Z,1990,1999,10,621,1501,146,369,58,4,36,200,7,15,100,24,216,45,32,0.246,10
김동수,1968-10-27T00:00:00Z,1990,2009,20,2039,5915,741,1556,286,28,202,871,56,49,661,130,821,133,107,0.263,10
최달호,1969-09-02T00:00:00Z,1990,1992,3,27,52,1,10,3,0,1,3,1,1,4,1,15,1,3,0.192,9
강호규,1970-04-28T00:00:00Z,1990,1990,1,1,1,1,1,1,0,0,0,0,0,0,0,0,0,0,1,4
박인구,1970-12-30T00:00:00Z,1990,1993,4,70,64,11,9,2,0,0,1,1,0,2,0,18,2,0,0.141,12
이규창,1971-02-26T00:00:00Z,1990,1992,3,13,12,1,2,1,0,1,2,1,0,1,1,6,0,0,0.167,2
이동채,1971-06-01T00:00:00Z,1990,1994,3,58,80,8,12,0,0,0,5,1,1,3,0,22,0,8,0.15,6
조필현,1971-07-05T00:00:00Z,1990,1994,4,111,179,21,31,5,3,0,11,10,7,21,2,57,3,4,0.173,7
최치용,1971-07-16T00:00:00Z,1990,1990,1,6,8,1,3,1,0,0,1,0,0,0,1,1,0,0,0.375,7
양민석,1971-10-23T00:00:00Z,1990,1991,2,4,8,1,0,0,0,0,0,0,0,0,0,1,1,0,0,10
권준헌,1971-12-01T00:00:00Z,1990,1999,10,475,1322,127,338,59,5,17,127,25,18,80,4,235,37,64,0.256,12
장주덕,1972-01-05T00:00:00Z,1990,1992,3,15,20,2,5,1,0,0,3,0,1,2,0,4,0,2,0.25,1
김병두,1972-01-23T00:00:00Z,1990,1993,4,60,78,10,15,0,0,0,3,0,0,10,2,20,3,10,0.192,1
박현수,1972-01-28T00:00:00Z,1990,1992,3,39,46,4,9,2,1,0,2,0,0,4,1,18,2,1,0.196,1
임진수,1972-02-21T00:00:00Z,1990,1991,2,7,4,0,2,0,0,0,1,0,0,0,0,1,0,0,0.5,2
정성훈,1972-05-17T00:00:00Z,1990,1991,2,3,7,0,1,0,0,0,1,0,0,0,0,3,0,0,0.143,5
정경훈,1972-05-22T00:00:00Z,1990,1999,10,704,1476,270,360,53,10,10,135,182,52,170,11,248,23,70,0.244,5
홍현우,1972-09-28T00:00:00Z,1990,2005,16,1483,4886,765,1344,267,19,188,762,163,68,752,53,863,103,181,0.275,9
구동환,1963-03-07T00:00:00Z,1991,1991,1,3,4,0,1,0,0,0,0,0,0,0,0,0,1,0,0.25,3
최재룡,1964-06-15T00:00:00Z,1991,1991,1,28,38,5,11,3,0,1,6,0,2,0,0,5,0,0,0.289,6
정영진,1965-11-22T00:00:00Z,1991,1993,3,189,345,30,72,20,2,0,16,3,3,47,8,86,7,4,0.209,11
진정필,1966-02-10T00:00:00Z,1991,1991,1,2,0,0,0,0,0,0,0,0,0,0,0,0,0,0,NA,2
송진우,1966-02-16T00:00:00Z,1991,2001,4,5,4,0,1,0,0,0,1,0,0,0,0,2,0,0,0.25,2
김영운,1966-04-14T00:00:00Z,1991,1991,1,1,1,0,0,0,0,0,0,0,0,0,0,0,0,0,0,4
신동수,1966-10-01T00:00:00Z,1991,1991,1,1,1,0,0,0,0,0,0,0,0,0,0,1,0,0,0,10
최준호,1966-10-20T00:00:00Z,1991,1993,2,30,61,3,11,2,0,0,3,2,0,5,1,11,1,2,0.18,10
김경수,1967-04-09T00:00:00Z,1991,1993,3,24,19,3,4,1,0,0,0,4,1,1,0,6,2,2,0.211,4
김호,1967-05-03T00:00:00Z,1991,2002,11,1170,3288,405,746,109,26,53,338,131,65,381,11,701,64,169,0.227,5
윤혁,1967-05-22T00:00:00Z,1991,1995,4,199,519,57,136,25,2,2,42,11,3,58,5,64,16,7,0.262,5
공봉구,1967-07-18T00:00:00Z,1991,1991,1,48,104,11,23,7,1,0,8,2,1,17,0,16,3,3,0.221,7
양용모,1967-12-20T00:00:00Z,1991,2002,10,746,1658,210,395,71,7,21,187,83,32,159,19,391,41,38,0.238,12
염경엽,1968-03-01T00:00:00Z,1991,2000,10,896,1448,197,283,53,7,5,110,83,34,122,11,208,21,57,0.195,3
박일현,1968-03-20T00:00:00Z,1991,1991,1,8,13,1,4,0,0,0,0,0,1,1,0,3,1,0,0.308,3
이종택,1968-03-26T00:00:00Z,1991,1991,1,7,7,0,0,0,0,0,1,0,0,1,0,4,1,0,0,3
김원근,1968-04-07T00:00:00Z,1991,1995,4,60,125,10,34,3,0,0,11,1,3,12,3,29,5,1,0.272,4
백성진,1968-04-09T00:00:00Z,1991,1997,4,127,239,21,59,8,1,1,23,10,9,17,12,56,5,12,0.247,4
강진규,1968-05-30T00:00:00Z,1991,1992,2,36,51,6,6,0,0,0,1,0,0,2,0,10,1,3,0.118,5
임성우,1968-06-02T00:00:00Z,1991,1993,3,54,60,4,15,3,0,0,2,1,0,5,1,14,0,1,0.25,6
윤용하,1968-06-07T00:00:00Z,1991,1994,4,234,404,47,99,21,2,14,50,2,6,33,2,79,7,4,0.245,6
송구홍,1968-06-23T00:00:00Z,1991,2000,9,712,2287,314,622,105,10,42,235,97,38,148,72,253,67,98,0.272,6
정학원,1968-08-03T00:00:00Z,1991,1995,3,68,146,8,32,3,2,0,20,2,0,10,4,32,3,5,0.219,8
강남규,1968-08-04T00:00:00Z,1991,1991,1,2,1,0,0,0,0,0,0,0,0,0,0,1,0,0,0,8
김석연,1968-08-16T00:00:00Z,1991,1993,3,71,93,8,18,3,1,0,8,0,2,2,1,25,3,2,0.194,8
이영재,1968-09-02T00:00:00Z,1991,1993,3,32,17,0,2,0,0,0,1,0,0,0,0,5,0,1,0.118,9
주경업,1968-09-02T00:00:00Z,1991,1993,3,58,110,9,22,3,0,0,8,1,0,5,0,10,1,0,0.2,9
나진균,1968-09-25T00:00:00Z,1991,1991,1,11,12,1,0,0,0,0,0,0,1,1,0,1,1,0,0,9
임주택,1968-09-25T00:00:00Z,1991,2002,12,851,1408,173,350,65,7,54,204,12,14,119,30,299,35,19,0.249,9
최해식,1968-09-30T00:00:00Z,1991,2000,10,682,1729,154,375,61,2,17,165,3,17,145,32,301,55,48,0.217,9
김홍기,1968-10-03T00:00:00Z,1991,1993,3,84,177,11,38,8,0,3,21,2,0,13,1,55,7,0,0.215,10
박기택,1968-11-10T00:00:00Z,1991,1995,4,94,178,11,27,2,0,6,15,2,2,24,3,45,7,1,0.152,11
소순배,1968-11-19T00:00:00Z,1991,1991,1,3,4,0,0,0,0,0,0,0,0,0,0,3,0,2,0,11
박천유,1968-12-22T00:00:00Z,1991,1991,1,4,2,0,0,0,0,0,0,0,0,0,1,0,0,0,0,12
송인호,1968-12-27T00:00:00Z,1991,1997,7,430,989,87,200,32,1,14,77,50,33,92,18,221,20,39,0.202,12
고승훈,1969-01-21T00:00:00Z,1991,1991,1,1,3,0,0,0,0,0,0,0,0,0,0,1,1,0,0,1
박정태,1969-01-27T00:00:00Z,1991,2004,13,1167,3857,531,1141,228,23,85,638,22,27,475,35,416,123,87,0.296,1
전준호,1969-02-15T00:00:00Z,1991,2009,19,2091,6928,1171,2018,214,100,42,577,550,217,861,101,844,54,46,0.291,2
김기태,1969-05-23T00:00:00Z,1991,2005,15,1544,4975,816,1465,298,27,249,923,83,66,948,27,862,116,32,0.294,5
김상엽,1970-05-11T00:00:00Z,1991,1992,2,4,5,0,0,0,0,0,0,0,0,0,0,3,0,0,0,5
김정훈,1970-07-29T00:00:00Z,1991,1991,1,7,4,1,0,0,0,0,0,0,0,3,0,2,0,0,0,7
안명호,1971-05-14T00:00:00Z,1991,1993,2,80,83,6,13,2,0,0,1,0,1,5,0,27,1,7,0.157,5
김인철,1971-07-14T00:00:00Z,1991,2007,9,381,681,112,162,27,3,18,78,20,10,43,9,164,18,13,0.238,7
최덕현,1971-07-26T00:00:00Z,1991,1992,2,12,11,1,2,1,0,0,2,0,0,0,0,0,0,0,0.182,7
양회열,1971-09-09T00:00:00Z,1991,1996,5,204,465,48,111,11,1,0,25,2,6,36,5,98,6,36,0.239,9
임돈영,1971-11-02T00:00:00Z,1991,1991,1,19,23,2,3,0,0,0,0,0,0,0,0,5,0,0,0.13,11
박규대,1972-01-15T00:00:00Z,1991,1999,6,59,40,10,5,0,0,0,0,6,3,2,1,9,0,2,0.125,1
이근엽,1972-01-21T00:00:00Z,1991,1999,8,406,787,59,150,20,1,5,42,20,14,52,16,163,7,50,0.191,1
정재훈,1972-03-14T00:00:00Z,1991,1991,1,7,18,1,6,2,0,0,2,1,1,1,0,1,0,1,0.333,3
이우수,1972-04-20T00:00:00Z,1991,1996,6,284,575,54,127,22,4,4,44,2,5,23,2,116,9,54,0.221,4
김성철,1972-06-23T00:00:00Z,1991,1991,1,2,2,0,0,0,0,0,0,1,0,0,0,1,0,0,0,6
박경완,1972-07-11T00:00:00Z,1991,2013,23,2043,5946,913,1480,271,15,314,995,75,59,974,166,1605,130,106,0.249,7
유성기,1972-10-09T00:00:00Z,1991,1993,3,13,11,2,2,0,0,0,0,0,0,2,0,7,0,2,0.182,10
최영술,1972-10-28T00:00:00Z,1991,1994,4,37,38,6,5,0,0,0,3,5,3,4,5,15,2,2,0.132,10
이종민,1972-12-25T00:00:00Z,1991,2002,10,794,1371,167,329,40,7,11,115,41,26,89,10,217,47,83,0.24,12
김민재,1973-01-03T00:00:00Z,1991,2009,19,2111,6088,696,1503,244,29,71,607,174,90,473,97,739,145,264,0.247,1
이종열,1973-01-28T00:00:00Z,1991,2009,18,1654,4748,588,1175,158,41,52,448,131,69,429,69,621,89,167,0.247,1
김일훈,1973-02-28T00:00:00Z,1991,1995,3,14,8,0,2,0,0,0,0,0,0,0,0,3,1,1,0.25,2
김재덕,1973-05-01T00:00:00Z,1991,1998,6,130,221,16,43,15,0,5,22,0,1,10,2,46,2,1,0.195,5
장광호,1967-04-14T00:00:00Z,1992,2001,10,649,1387,131,297,59,1,25,132,5,17,102,4,243,27,23,0.214,4
김미호,1967-10-07T00:00:00Z,1992,1997,6,170,257,28,59,12,1,0,13,9,3,15,3,51,5,16,0.23,10
강현철,1968-02-15T00:00:00Z,1992,1993,2,9,9,1,2,0,1,0,0,0,0,2,0,4,0,0,0.222,2
박철희,1968-02-15T00:00:00Z,1992,1992,1,23,17,7,5,1,0,1,3,0,0,2,1,6,0,1,0.294,2
김태룡,1968-02-23T00:00:00Z,1992,2002,10,620,1092,123,236,45,2,17,92,15,9,74,16,235,31,59,0.216,2
김상재,1968-04-24T00:00:00Z,1992,1994,3,143,361,42,81,11,0,10,43,11,11,26,4,75,18,6,0.224,4
장덕영,1968-06-03T00:00:00Z,1992,1993,2,19,25,2,8,1,1,0,5,1,0,4,1,7,1,1,0.32,6
박재벌,1968-09-17T00:00:00Z,1992,1998,7,393,872,118,208,35,8,5,72,46,21,57,51,85,16,10,0.239,9
유영환,1969-02-15T00:00:00Z,1992,1994,3,79,198,16,40,4,1,2,13,2,2,10,3,41,3,12,0.202,2
강두곤,1969-04-29T00:00:00Z,1992,1995,4,74,72,11,12,3,0,0,4,2,0,4,2,12,4,5,0.167,4
김병조,1969-05-02T00:00:00Z,1992,1997,6,297,442,70,112,23,3,7,47,11,10,31,12,79,10,9,0.253,5
김정민,1969-05-24T00:00:00Z,1992,1992,1,2,1,1,0,0,0,0,0,0,0,1,0,0,0,0,0,5
장원진,1969-06-15T00:00:00Z,1992,2007,15,1500,4733,612,1342,193,25,51,505,58,45,387,57,560,89,43,0.284,6
한기철,1969-06-20T00:00:00Z,1992,1997,4,244,188,47,49,10,2,3,20,20,17,14,3,46,2,1,0.261,6
신일호,1969-08-12T00:00:00Z,1992,1992,1,19,10,1,0,0,0,0,0,0,0,0,0,6,1,1,0,8
김형태,1969-09-07T00:00:00Z,1992,1992,1,2,2,0,1,0,0,0,0,0,0,0,0,0,0,0,0.5,9
유영원,1969-09-08T00:00:00Z,1992,1993,2,27,55,6,10,4,1,2,6,0,0,1,0,21,0,2,0.182,9
김홍집,1969-09-16T00:00:00Z,1992,1994,3,22,31,4,4,0,0,1,6,0,0,3,0,7,0,0,0.129,9
서정민,1969-10-10T00:00:00Z,1992,1995,3,63,112,16,26,1,1,2,9,3,2,6,1,34,1,4,0.232,10
박지환,1969-10-20T00:00:00Z,1992,1997,6,133,229,21,48,10,1,1,14,2,3,21,3,55,6,7,0.21,10
유태영,1969-12-12T00:00:00Z,1992,1992,1,7,15,1,1,0,0,0,0,0,0,1,0,6,1,0,0.067,12
김상모,1969-12-19T00:00:00Z,1992,1992,1,1,0,0,0,0,0,0,0,0,0,0,0,0,0,0,NA,12
동봉철,1970-01-02T00:00:00Z,1992,1999,8,750,2205,387,583,92,22,34,210,116,63,315,72,326,31,16,0.264,1
강성우,1970-01-05T00:00:00Z,1992,2005,14,958,1787,130,407,61,8,6,167,9,10,102,16,252,51,43,0.228,1
구한성,1970-01-07T00:00:00Z,1992,1998,6,161,230,27,45,4,0,6,21,1,0,26,4,51,3,7,0.196,1
조만형,1970-01-12T00:00:00Z,1992,1992,1,8,3,0,0,0,0,0,0,0,0,0,0,2,0,0,0,1
김일혁,1970-01-26T00:00:00Z,1992,1995,3,132,167,26,37,12,0,2,13,5,0,17,1,26,3,5,0.222,1
박계원,1970-02-04T00:00:00Z,1992,2002,9,717,1812,224,439,69,11,19,212,55,33,150,29,290,42,82,0.242,2
우효동,1970-02-09T00:00:00Z,1992,1994,2,21,16,3,1,0,0,0,0,0,0,0,0,5,2,1,0.062,2
김정준,1970-02-11T00:00:00Z,1992,1992,1,5,14,1,2,0,0,0,0,0,0,0,0,2,1,2,0.143,2
안경현,1970-02-13T00:00:00Z,1992,2010,19,1766,5405,639,1483,265,20,121,722,37,23,548,109,639,172,130,0.274,2
박광율,1970-02-27T00:00:00Z,1992,1992,1,1,1,0,0,0,0,0,0,0,0,0,0,1,0,0,0,2
조경택,1970-11-25T00:00:00Z,1992,2003,12,770,1295,123,299,59,3,15,112,7,11,135,38,286,32,36,0.231,11
김태동,1970-12-12T00:00:00Z,1992,1995,3,25,24,3,5,0,0,0,2,1,0,2,1,7,0,0,0.208,12
김효용,1972-05-10T00:00:00Z,1992,1992,1,2,1,0,0,0,0,0,0,0,0,0,0,0,0,0,0,5
전상렬,1972-06-12T00:00:00Z,1992,2008,16,1196,2630,399,640,99,21,23,221,114,42,198,43,434,34,16,0.243,6
전종진,1972-08-06T00:00:00Z,1992,1992,1,8,9,0,2,0,0,0,0,0,0,0,0,3,1,0,0.222,8
박상현,1972-08-18T00:00:00Z,1992,1998,6,185,173,26,36,5,2,0,10,8,4,8,3,56,3,4,0.208,8
오상욱,1972-10-06T00:00:00Z,1992,1992,1,1,1,0,0,0,0,0,0,0,0,0,0,1,0,0,0,10
김성기,1972-10-24T00:00:00Z,1992,1993,2,20,20,1,6,0,0,0,1,0,0,2,0,6,0,1,0.3,10
이전진,1972-11-14T00:00:00Z,1992,1996,4,30,46,2,11,2,0,0,3,1,0,3,1,16,1,1,0.239,11
신동주,1972-12-14T00:00:00Z,1992,2006,15,1041,2904,447,791,139,9,110,415,122,51,238,91,629,50,28,0.272,12
박종호,1973-07-27T00:00:00Z,1992,2009,17,1539,4955,761,1336,227,35,71,584,103,49,525,161,612,83,164,0.27,7
이재주,1973-12-25T00:00:00Z,1992,2009,17,981,2200,239,554,111,4,82,355,4,13,306,25,541,61,11,0.252,12
이태환,1974-03-09T00:00:00Z,1992,1994,3,19,25,1,3,0,0,1,3,0,0,2,1,9,1,0,0.12,3
황윤성,1974-03-14T00:00:00Z,1992,2005,12,258,451,46,102,22,4,11,53,5,5,45,16,107,5,5,0.226,3
김인철,1974-08-12T00:00:00Z,1992,1994,2,20,10,7,1,0,0,0,0,5,1,3,0,3,1,1,0.1,8
조병일,1967-12-09T00:00:00Z,1993,1994,2,19,14,4,3,1,0,0,0,2,0,1,0,4,0,0,0.214,12
조규철,1969-03-15T00:00:00Z,1993,1999,7,248,222,41,45,6,3,1,20,18,6,13,2,70,4,17,0.203,3
김민호,1969-03-19T00:00:00Z,1993,2003,11,1113,3400,472,838,132,25,29,277,232,62,262,55,576,57,148,0.246,3
전호근,1969-05-02T00:00:00Z,1993,1993,1,1,1,0,0,0,0,0,0,0,0,0,0,1,0,0,0,5
양준혁,1969-05-26T00:00:00Z,1993,2010,18,2135,7332,1299,2318,458,25,351,1389,193,119,1278,102,910,166,53,0.316,5
황일권,1969-06-09T00:00:00Z,1993,1997,4,139,254,19,48,8,0,3,16,4,1,19,12,72,13,16,0.189,6
김종성,1969-07-23T00:00:00Z,1993,1995,3,126,180,33,46,9,1,7,26,7,8,11,4,46,2,3,0.256,7
이민호,1969-09-02T00:00:00Z,1993,2000,8,555,1369,168,330,63,6,51,167,19,15,130,33,358,30,45,0.241,9
김성열,1969-10-06T00:00:00Z,1993,1994,2,34,39,5,6,0,0,0,1,2,1,8,1,11,1,3,0.154,10
김충민,1970-03-05T00:00:00Z,1993,2000,8,415,857,87,194,36,3,27,104,19,12,76,11,196,25,34,0.226,3
김훈,1970-03-11T00:00:00Z,1993,1998,5,239,503,61,110,21,4,4,26,12,11,32,4,88,12,6,0.219,3
김정민,1970-03-15T00:00:00Z,1993,2009,16,696,1257,122,331,53,4,14,142,4,10,89,21,220,25,31,0.263,3
원현식,1970-03-15T00:00:00Z,1993,1994,2,26,28,4,6,3,0,1,1,1,0,2,1,7,0,0,0.214,3
이용석,1970-03-20T00:00:00Z,1993,1993,1,63,124,6,27,6,0,1,10,0,2,4,0,27,0,0,0.218,3
송태일,1970-04-05T00:00:00Z,1993,1996,4,215,541,49,122,26,1,15,69,7,2,26,2,82,14,12,0.226,4
최홍주,1970-04-23T00:00:00Z,1993,1995,3,6,10,1,0,0,0,0,0,0,0,1,0,1,1,0,0,4
지화선,1970-05-10T00:00:00Z,1993,1997,5,229,546,57,145,29,4,2,42,12,9,41,4,71,5,8,0.266,5
허준,1970-05-29T00:00:00Z,1993,2004,12,1001,2151,213,474,71,6,19,188,23,25,144,15,269,58,95,0.22,5
고기성,1970-06-27T00:00:00Z,1993,1998,6,249,331,36,71,12,2,3,28,6,5,30,3,78,5,1,0.215,6
추성건,1970-08-05T00:00:00Z,1993,2001,7,391,594,96,147,18,4,17,74,22,6,89,3,165,14,11,0.247,8
손차훈,1970-08-11T00:00:00Z,1993,2001,9,485,1104,108,246,50,2,10,84,10,14,62,13,158,20,29,0.223,8
김갑중,1970-08-15T00:00:00Z,1993,1999,5,223,437,42,108,20,4,4,41,6,9,25,5,79,15,12,0.247,8
이종범,1970-08-15T00:00:00Z,1993,2011,16,1706,6060,1100,1797,340,29,194,730,510,113,634,90,622,108,139,0.297,8
최태원,1970-08-19T00:00:00Z,1993,2003,11,1284,4231,565,1133,176,14,24,344,130,72,398,86,468,51,83,0.268,8
이민호,1970-08-25T00:00:00Z,1993,1996,2,12,15,1,0,0,0,0,0,0,0,3,0,7,0,1,0,8
공의식,1970-09-20T00:00:00Z,1993,1997,3,168,314,35,60,12,2,12,42,10,7,48,5,108,6,4,0.191,9
김경하,1970-10-10T00:00:00Z,1993,1996,3,157,248,26,53,8,3,3,21,4,1,19,5,43,2,2,0.214,10
최규하,1970-10-10T00:00:00Z,1993,1996,3,38,35,5,5,1,0,0,1,1,1,2,0,11,0,1,0.143,10
한혁수,1970-10-11T00:00:00Z,1993,1995,3,134,209,16,38,7,0,2,7,0,3,18,0,39,6,6,0.182,10
당신상,1970-10-15T00:00:00Z,1993,1994,2,7,7,1,1,0,0,0,1,0,0,0,0,5,0,0,0.143,10
정영규,1970-11-03T00:00:00Z,1993,2001,9,655,1719,214,440,84,15,45,180,13,28,173,33,362,26,15,0.256,11
계기범,1970-12-29T00:00:00Z,1993,1997,4,76,159,19,37,4,1,2,16,4,3,6,0,40,4,2,0.233,12
박기복,1971-01-16T00:00:00Z,1993,1995,2,10,7,0,0,0,0,0,0,0,0,1,0,5,0,0,0,1
이지환,1971-03-09T00:00:00Z,1993,1998,6,126,248,19,48,8,0,5,21,0,2,9,5,59,7,0,0.194,3
권재광,1971-04-27T00:00:00Z,1993,1996,4,64,100,8,14,2,0,1,8,1,0,6,1,26,1,1,0.14,4
신경호,1972-03-07T00:00:00Z,1993,1993,1,3,7,0,2,0,0,0,0,0,1,1,0,3,0,0,0.286,3
우태원,1972-07-24T00:00:00Z,1993,1994,2,16,6,3,1,0,0,0,0,1,0,0,0,4,0,1,0.167,7
김정수,1972-11-16T00:00:00Z,1993,1996,2,7,7,0,0,0,0,0,0,0,0,0,0,5,0,0,0,11
김선우,1973-07-02T00:00:00Z,1993,1993,1,12,28,2,3,1,0,0,2,1,0,0,0,1,0,0,0.107,7
이경호,1973-09-07T00:00:00Z,1993,1993,1,13,33,2,6,0,0,0,2,1,0,2,0,10,2,1,0.182,9
소상영,1973-10-29T00:00:00Z,1993,1997,5,91,176,14,30,7,1,2,12,1,0,18,3,40,3,10,0.17,10
강효섭,1973-11-16T00:00:00Z,1993,1996,4,41,40,2,8,0,0,0,1,3,0,2,0,7,0,3,0.2,11
정호진,1974-01-05T00:00:00Z,1993,1998,5,79,137,14,28,5,0,0,8,1,0,9,2,15,8,10,0.204,1
오명종,1974-01-14T00:00:00Z,1993,1993,1,5,15,1,2,0,0,0,1,2,0,0,0,1,0,1,0.133,1
김성준,1974-05-20T00:00:00Z,1993,1993,1,2,2,0,0,0,0,0,0,0,0,0,0,1,0,0,0,5
장용대,1974-10-23T00:00:00Z,1993,2001,8,116,176,16,36,6,0,5,21,0,0,10,3,60,3,1,0.205,10
임성주,1965-05-02T00:00:00Z,1994,1996,3,28,45,2,10,2,1,0,6,0,0,4,0,10,0,1,0.222,5
하득인,1966-10-09T00:00:00Z,1994,1997,4,326,679,59,161,35,2,11,95,8,5,60,27,88,20,7,0.237,10
길랑균,1968-10-14T00:00:00Z,1994,1994,1,8,6,1,1,0,0,0,0,0,0,0,0,3,0,0,0.167,10
박재용,1969-06-16T00:00:00Z,1994,2000,7,546,1562,167,385,74,8,23,195,12,5,130,25,276,32,18,0.246,6
임수혁,1969-06-17T00:00:00Z,1994,2000,7,488,1296,148,345,53,8,47,257,7,8,157,6,234,46,10,0.266,6
박상수,1970-06-29T00:00:00Z,1994,1994,1,3,4,0,0,0,0,0,0,0,0,0,0,1,0,0,0,6
정기창,1970-12-21T00:00:00Z,1994,1998,5,177,370,41,87,7,4,13,44,11,8,27,3,96,13,2,0.235,12
서용빈,1971-01-02T00:00:00Z,1994,2006,9,828,2625,307,760,139,22,22,350,31,19,238,32,353,61,37,0.29,1
박재호,1971-02-01T00:00:00Z,1994,1994,1,10,5,0,0,0,0,0,0,0,0,0,0,3,0,1,0,2
이숭용,1971-03-10T00:00:00Z,1994,2011,18,2001,6139,783,1727,330,22,162,857,62,54,767,113,865,136,61,0.281,3
김신,1971-03-15T00:00:00Z,1994,1994,1,2,1,0,0,0,0,0,0,0,0,0,0,1,0,1,0,3
윤기수,1971-03-19T00:00:00Z,1994,1996,3,153,189,14,40,4,1,0,6,3,5,9,2,26,5,8,0.212,3
조원우,1971-04-08T00:00:00Z,1994,2008,15,1368,4220,586,1190,164,25,68,443,123,52,335,68,538,85,12,0.282,4
장재중,1971-05-19T00:00:00Z,1994,2003,10,596,1207,119,264,34,9,14,104,19,10,86,7,193,32,19,0.219,5
유지현,1971-05-25T00:00:00Z,1994,2004,11,1108,4050,719,1134,193,17,64,379,296,85,590,60,537,57,139,0.28,5
손동일,1971-07-05T00:00:00Z,1994,1999,6,203,460,58,92,18,1,10,40,12,6,33,1,130,8,1,0.2,7
임채영,1971-08-07T00:00:00Z,1994,1996,3,82,131,5,21,9,1,1,10,0,2,3,1,18,7,2,0.16,8
김성,1971-08-10T00:00:00Z,1994,1996,2,32,22,8,3,1,0,0,0,1,0,2,1,5,0,0,0.136,8
김태균,1971-08-19T00:00:00Z,1994,2007,14,1234,2961,317,673,122,6,63,335,30,21,300,43,715,73,96,0.227,8
최동수,1971-09-11T00:00:00Z,1994,2013,19,1293,3332,340,894,160,4,90,502,9,13,297,36,547,115,45,0.268,9
김광현,1971-10-07T00:00:00Z,1994,1999,6,77,127,10,30,9,3,0,10,1,0,12,1,36,4,3,0.236,10
김성태,1971-10-10T00:00:00Z,1994,1997,3,71,153,13,33,6,1,0,18,4,3,11,1,27,3,7,0.216,10
김한수,1971-10-30T00:00:00Z,1994,2007,14,1497,5242,704,1514,279,12,149,782,59,39,341,148,800,149,130,0.289,10
전형도,1971-10-30T00:00:00Z,1994,2001,8,387,447,101,89,15,2,6,34,32,16,40,7,89,6,30,0.199,10
정진식,1971-11-15T00:00:00Z,1994,2001,5,87,106,13,25,5,0,1,5,1,1,6,0,26,0,6,0.236,11
이군옥,1971-12-27T00:00:00Z,1994,1996,2,9,11,3,2,0,1,0,0,0,0,0,0,2,2,0,0.182,12
최찬욱,1972-01-18T00:00:00Z,1994,1995,2,22,25,2,0,0,0,0,0,0,0,0,1,14,1,0,0,1
최병국,1972-01-22T00:00:00Z,1994,1994,1,5,7,0,1,0,0,0,0,0,0,0,0,0,0,2,0.143,1
김종훈,1972-01-29T00:00:00Z,1994,2007,14,1259,2906,425,735,119,24,43,276,82,25,256,47,577,56,24,0.253,1
최익성,1972-02-11T00:00:00Z,1994,2005,12,621,1686,309,450,83,6,60,216,85,23,200,78,304,31,11,0.267,2
허문회,1972-02-12T00:00:00Z,1994,2003,10,523,1018,87,274,37,2,20,129,9,11,76,15,140,29,10,0.269,2
신진수,1972-02-28T00:00:00Z,1994,1998,5,159,292,39,60,17,0,1,19,7,4,26,2,55,5,1,0.205,2
최형현,1972-03-28T00:00:00Z,1994,1997,3,46,42,2,7,0,0,0,3,1,2,3,0,7,1,2,0.167,3
김주성,1972-05-05T00:00:00Z,1994,1996,3,171,256,28,64,9,1,1,19,3,3,19,0,54,6,17,0.25,5
장진성,1972-10-20T00:00:00Z,1994,1997,2,15,17,2,3,3,0,0,3,1,0,0,1,8,1,1,0.176,10
유진우,1972-11-24T00:00:00Z,1994,1995,2,20,6,0,1,1,0,0,0,0,0,0,1,1,1,0,0.167,11
배훈,1972-12-16T00:00:00Z,1994,1994,1,15,16,2,2,0,0,0,3,0,0,2,0,7,0,0,0.125,12
이동수,1973-03-24T00:00:00Z,1994,2003,10,674,1813,257,487,82,9,89,328,8,5,224,67,522,51,42,0.269,3
한성곤,1973-05-22T00:00:00Z,1994,1994,1,3,3,1,1,0,0,0,0,0,0,0,0,1,0,0,0.333,5
김정규,1973-08-27T00:00:00Z,1994,1999,5,41,63,5,13,1,0,0,2,0,0,0,1,12,2,2,0.206,8
김정윤,1974-03-18T00:00:00Z,1994,1997,4,42,27,3,4,0,0,0,0,0,2,1,0,11,0,0,0.148,3
지윤석,1974-04-03T00:00:00Z,1994,1994,1,4,6,1,2,0,0,0,0,0,0,0,0,2,0,0,0.333,4
김지영,1974-04-21T00:00:00Z,1994,2002,7,130,194,22,45,7,0,3,15,0,0,13,0,54,4,4,0.232,4
강석,1974-07-01T00:00:00Z,1994,1994,1,7,2,1,0,0,0,0,0,0,0,0,0,1,0,0,0,7
공유선,1974-08-12T00:00:00Z,1994,1994,1,13,34,1,7,1,0,1,3,0,0,3,0,9,0,0,0.206,8
유태준,1975-01-22T00:00:00Z,1994,1994,1,5,6,1,1,0,0,0,0,0,0,0,0,1,0,0,0.167,1
박종무,1975-03-03T00:00:00Z,1994,1994,1,8,17,2,3,0,0,0,0,3,0,3,0,5,0,0,0.176,3
이요한,1975-03-26T00:00:00Z,1994,1994,1,1,0,0,0,0,0,0,0,0,0,0,0,0,0,0,NA,3
심정수,1975-05-05T00:00:00Z,1994,2008,15,1450,5050,859,1451,231,14,328,1029,43,22,777,79,1073,126,33,0.287,5
박지상,1975-05-19T00:00:00Z,1994,1996,3,229,578,71,156,30,3,2,52,14,12,77,7,79,11,10,0.27,5
이도형,1975-05-24T00:00:00Z,1994,2010,15,1155,3154,317,815,142,6,130,519,5,5,243,39,537,99,19,0.258,5
조연제,1975-06-21T00:00:00Z,1994,1994,1,10,9,0,2,0,0,0,1,0,0,3,0,3,0,1,0.222,6
함석원,1975-07-17T00:00:00Z,1994,1998,5,62,64,6,11,3,0,0,5,2,2,2,1,23,0,5,0.172,7
박종호,1975-07-26T00:00:00Z,1994,1994,1,8,11,2,2,0,0,0,2,1,0,0,0,0,0,0,0.182,7
김명호,1975-08-24T00:00:00Z,1994,1994,1,8,15,0,2,0,0,0,1,0,0,0,0,4,0,0,0.133,8
김재현,1975-10-02T00:00:00Z,1994,2010,16,1770,5710,884,1681,310,20,201,939,115,65,929,133,931,137,24,0.294,10
마해영,1970-08-14T00:00:00Z,1995,2008,14,1501,5482,850,1609,298,20,260,1003,46,32,587,119,931,157,54,0.294,8
김영일,1971-03-14T00:00:00Z,1995,1998,4,156,294,30,63,9,2,0,19,9,7,17,8,43,8,1,0.214,3
박종일,1972-03-09T00:00:00Z,1995,2001,6,447,453,64,96,15,2,4,45,19,10,43,5,102,10,3,0.212,3
김병철,1972-04-01T00:00:00Z,1995,1997,2,23,36,4,9,2,0,0,3,0,2,2,0,4,1,0,0.25,4
이보형,1972-04-06T00:00:00Z,1995,1997,3,77,115,8,18,6,1,2,13,3,1,13,2,39,3,2,0.157,4
차상욱,1972-04-07T00:00:00Z,1995,1996,2,87,89,9,15,1,1,0,5,7,3,10,2,20,2,1,0.169,4
김영진,1972-04-09T00:00:00Z,1995,2001,6,406,714,47,111,22,3,5,45,3,6,49,10,171,15,26,0.155,4
서석영,1972-04-30T00:00:00Z,1995,1996,2,4,3,0,0,0,0,0,0,0,0,0,0,2,0,0,0,4
하상도,1972-06-07T00:00:00Z,1995,1995,1,27,10,4,1,0,0,0,0,1,0,1,0,3,0,0,0.1,6
강인권,1972-06-26T00:00:00Z,1995,2006,12,710,1252,114,305,41,2,8,119,7,12,160,35,264,20,42,0.244,6
김재걸,1972-09-07T00:00:00Z,1995,2009,13,1125,2128,271,490,72,13,14,170,119,54,182,33,501,46,97,0.23,9
박현승,1972-09-12T00:00:00Z,1995,2008,13,1167,3634,503,962,167,18,62,399,98,43,414,64,644,87,98,0.265,9
남상규,1972-10-09T00:00:00Z,1995,1995,1,5,7,1,1,0,0,1,1,0,0,1,0,2,0,1,0.143,10
심재학,1972-10-18T00:00:00Z,1995,2008,14,1247,3704,539,995,193,14,149,622,25,23,617,69,558,69,47,0.269,10
신국환,1972-10-29T00:00:00Z,1995,2002,8,469,1171,169,301,59,4,23,160,19,14,69,42,179,41,52,0.257,10
김옥일,1972-11-14T00:00:00Z,1995,1996,2,2,1,0,0,0,0,0,0,0,0,1,0,0,1,0,0,11
도명진,1972-12-24T00:00:00Z,1995,1995,1,13,21,2,6,1,0,1,4,0,0,2,0,5,1,0,0.286,12
추평호,1973-02-08T00:00:00Z,1995,1997,2,8,5,0,0,0,0,0,0,0,0,0,0,3,0,0,0,2
안상준,1973-02-13T00:00:00Z,1995,2007,13,509,1189,133,283,40,7,13,111,15,5,94,12,240,35,50,0.238,2
심성보,1973-02-16T00:00:00Z,1995,2003,9,758,2126,258,547,111,16,63,321,33,23,179,18,400,39,30,0.257,2
이동우,1975-04-20T00:00:00Z,1995,1995,1,4,9,0,1,0,0,0,0,0,0,0,0,4,0,1,0.111,4
최희창,1975-06-13T00:00:00Z,1995,1998,4,36,47,2,8,1,0,1,3,0,0,4,1,19,0,1,0.17,6
김상우,1975-08-25T00:00:00Z,1995,1995,1,1,1,1,1,0,0,0,1,0,0,0,0,0,0,0,1,8
김승관,1976-03-05T00:00:00Z,1995,2007,12,220,351,34,75,20,0,3,33,0,2,48,4,82,9,2,0.214,3
김승권,1976-05-01T00:00:00Z,1995,2006,10,443,619,85,143,41,0,13,72,3,4,17,5,133,15,22,0.231,5
박상일,1976-07-30T00:00:00Z,1995,1995,1,1,1,0,0,0,0,0,0,0,0,0,0,1,0,0,0,7
양종성,1976-10-02T00:00:00Z,1995,1995,1,2,0,0,0,0,0,0,0,0,0,0,0,0,0,0,NA,10
조현,1976-10-04T00:00:00Z,1995,2002,5,243,543,67,126,18,4,14,65,5,3,47,7,134,11,1,0.232,10
이용주,1976-10-31T00:00:00Z,1995,2002,6,95,116,14,23,2,0,1,6,0,0,12,1,21,4,8,0.198,10
김영진,1976-12-05T00:00:00Z,1995,1996,2,67,131,16,28,6,1,6,19,0,2,11,2,47,2,0,0.214,12
김진삼,1977-01-13T00:00:00Z,1995,2001,4,35,28,4,7,0,0,0,0,1,0,0,0,4,0,2,0.25,1
정수근,1977-01-20T00:00:00Z,1995,2009,15,1544,5329,866,1493,230,50,24,450,474,156,621,51,608,84,61,0.28,1
김경호,1963-04-07T00:00:00Z,1996,1996,1,10,11,1,2,0,0,0,1,0,1,2,0,1,0,2,0.182,4
김재성,1969-05-27T00:00:00Z,1996,1996,1,1,1,0,0,0,0,0,0,0,0,0,0,1,0,0,0,5
권오영,1970-08-15T00:00:00Z,1996,1999,2,40,66,6,12,2,0,1,9,0,0,1,1,19,1,1,0.182,8
유필선,1970-09-06T00:00:00Z,1996,2001,6,179,329,54,78,16,2,6,31,4,6,34,18,92,4,4,0.237,9
권오성,1970-10-26T00:00:00Z,1996,1999,4,119,180,13,34,5,0,2,19,0,0,15,7,51,4,3,0.189,10
박은우,1971-05-25T00:00:00Z,1996,1996,1,1,4,0,0,0,0,0,0,0,0,0,0,0,0,0,0,5
박석안,1972-04-20T00:00:00Z,1996,1996,1,6,15,0,2,0,0,0,0,0,0,0,1,6,0,1,0.133,4
최철민,1972-05-03T00:00:00Z,1996,1997,2,48,102,19,28,5,1,1,13,0,1,5,1,25,1,3,0.275,5
홍광천,1972-06-22T00:00:00Z,1996,1996,1,2,2,0,0,0,0,0,0,0,0,0,0,0,0,0,0,6
김대헌,1972-06-30T00:00:00Z,1996,1997,2,19,24,2,6,0,1,0,1,2,1,0,0,6,0,0,0.25,6
김선섭,1973-01-16T00:00:00Z,1996,2000,3,84,55,13,7,1,0,0,2,1,4,3,1,19,3,4,0.127,1
장정석,1973-04-12T00:00:00Z,1996,2003,8,580,818,105,176,32,2,7,75,19,11,70,9,181,6,4,0.215,4
석수철,1973-04-25T00:00:00Z,1996,1996,1,114,289,32,77,16,1,3,32,4,2,17,8,45,7,12,0.266,4
강준기,1973-04-28T00:00:00Z,1996,1996,1,4,4,0,1,0,0,0,1,0,0,0,0,1,0,0,0.25,4
임수민,1973-05-31T00:00:00Z,1996,2006,9,790,2013,236,485,105,4,54,258,11,18,186,19,409,54,39,0.241,5
김대익,1973-06-03T00:00:00Z,1996,2007,12,1193,3372,481,910,177,24,45,332,102,67,315,30,573,46,24,0.27,6
홍원기,1973-06-05T00:00:00Z,1996,2007,12,1043,2308,261,566,98,6,48,284,11,12,248,42,468,55,93,0.245,6
최기문,1973-06-10T00:00:00Z,1996,2009,13,1075,2595,307,681,124,17,35,270,46,30,216,47,322,42,57,0.262,6
설종진,1973-06-16T00:00:00Z,1996,1996,1,9,7,1,1,0,0,0,1,1,0,1,0,1,0,0,0.143,6
강영수,1973-06-19T00:00:00Z,1996,1996,1,35,72,7,16,5,0,1,3,2,0,2,1,15,2,0,0.222,6
김형남,1973-06-28T00:00:00Z,1996,1997,2,72,103,11,18,3,0,1,11,0,0,3,0,23,0,4,0.175,6
엄종수,1973-07-09T00:00:00Z,1996,1996,1,18,14,0,1,0,0,0,0,0,0,0,1,2,0,0,0.071,7
박경호,1973-07-19T00:00:00Z,1996,1999,4,103,178,18,45,4,0,3,18,18,2,15,3,48,2,10,0.253,7
오중석,1973-08-05T00:00:00Z,1996,1997,2,12,9,2,2,0,0,0,1,1,1,0,0,3,0,0,0.222,8
우승진,1973-08-10T00:00:00Z,1996,1996,1,6,1,1,0,0,0,0,0,0,0,0,0,1,0,0,0,8
안명성,1973-08-17T00:00:00Z,1996,1997,2,91,86,13,13,0,0,1,1,6,3,6,0,26,4,4,0.151,8
박재홍,1973-09-07T00:00:00Z,1996,2012,17,1797,6097,1012,1732,316,26,300,1081,267,145,875,65,1147,151,40,0.284,9
김종국,1973-09-14T00:00:00Z,1996,2009,14,1359,4391,604,1086,198,19,66,429,254,70,449,46,797,77,112,0.247,9
김현민,1973-09-15T00:00:00Z,1996,2002,6,210,343,35,79,19,1,7,41,3,2,14,5,81,5,3,0.23,9
이영우,1973-11-27T00:00:00Z,1996,2010,13,1312,4346,735,1275,272,33,135,533,112,81,562,44,723,109,19,0.293,11
배정훈,1973-12-20T00:00:00Z,1996,1998,3,93,162,11,34,5,0,2,10,1,1,7,0,38,5,3,0.21,12
조효상,1974-01-26T00:00:00Z,1996,2005,10,198,204,30,41,16,2,1,17,3,2,10,5,74,1,2,0.201,1
홍재호,1974-02-02T00:00:00Z,1996,1996,1,3,1,0,0,0,0,0,0,0,0,0,0,0,0,0,0,2
정경배,1974-02-20T00:00:00Z,1996,2009,14,1322,3991,525,1062,203,10,100,522,70,56,314,118,754,82,104,0.266,2
오진희,1974-08-19T00:00:00Z,1996,1996,1,1,1,0,0,0,0,0,0,0,0,0,0,0,1,0,0,8
김정한,1976-11-08T00:00:00Z,1996,1996,1,11,5,2,1,0,0,0,0,1,1,0,0,0,0,0,0.2,11
방동민,1977-01-20T00:00:00Z,1996,1996,1,5,8,0,1,0,0,0,1,0,0,0,0,1,0,0,0.125,1
이계성,1977-02-08T00:00:00Z,1996,2005,10,408,808,85,189,44,3,11,88,11,8,79,2,191,10,9,0.234,2
하춘동,1977-04-19T00:00:00Z,1996,2002,4,60,80,15,15,1,1,0,7,0,2,4,4,26,1,1,0.188,4
진정민,1977-05-18T00:00:00Z,1996,1996,1,5,1,1,0,0,0,0,0,0,0,0,0,0,0,0,0,5
김수연,1977-05-28T00:00:00Z,1996,2008,10,841,1578,254,393,41,10,2,71,127,51,137,7,289,13,18,0.249,5
황성기,1977-06-09T00:00:00Z,1996,2002,5,69,79,7,16,1,0,2,7,0,0,2,1,21,2,2,0.203,6
이봉우,1977-07-30T00:00:00Z,1996,1998,3,158,140,18,23,5,1,2,8,7,3,3,0,30,3,7,0.164,7
김헌수,1977-09-07T00:00:00Z,1996,1996,1,9,18,2,2,0,0,0,0,2,0,2,0,10,0,0,0.111,9
이호균,1977-09-18T00:00:00Z,1996,1996,1,1,1,0,0,0,0,0,0,0,0,0,0,1,0,0,0,9
정학수,1977-12-01T00:00:00Z,1996,1996,1,3,3,1,0,0,0,0,0,0,0,0,0,1,0,0,0,12
최인선,1971-07-10T00:00:00Z,1997,1997,1,2,2,0,0,0,0,0,0,0,0,0,0,1,0,0,0,7
문희성,1973-02-22T00:00:00Z,1997,2006,9,412,908,110,224,36,2,30,144,14,9,72,31,175,25,7,0.247,2
최승우,1973-05-27T00:00:00Z,1997,1998,2,9,6,3,1,1,0,0,1,0,0,0,0,1,0,0,0.167,5
허유신,1973-06-03T00:00:00Z,1997,1998,2,38,59,3,10,2,0,0,6,2,1,3,0,14,2,1,0.169,6
김창희,1973-07-03T00:00:00Z,1997,2009,13,1345,3608,427,926,167,9,68,438,44,34,409,70,657,111,36,0.257,7
박근영,1973-08-02T00:00:00Z,1997,1997,1,3,1,0,0,0,0,0,0,0,0,0,0,0,0,1,0,8
임종수,1973-12-02T00:00:00Z,1997,1997,1,1,3,1,1,1,0,0,0,0,0,0,0,0,0,0,0.333,12
황성관,1974-01-15T00:00:00Z,1997,2001,4,213,373,57,101,15,2,0,27,18,8,29,9,57,1,3,0.271,1
이경태,1974-02-20T00:00:00Z,1997,1997,1,1,3,0,0,0,0,0,0,0,0,0,0,0,0,0,0,2
최만호,1974-03-04T00:00:00Z,1997,2009,12,669,973,140,217,41,6,18,96,30,19,67,32,268,10,9,0.223,3
송재익,1974-03-27T00:00:00Z,1997,2004,7,486,490,77,89,17,4,6,53,26,10,56,16,157,9,28,0.182,3
장성국,1974-03-30T00:00:00Z,1997,2002,4,36,33,2,4,2,0,0,2,0,0,2,0,10,1,1,0.121,3
윤인수,1974-04-12T00:00:00Z,1997,1997,1,10,3,3,0,0,0,0,0,0,0,0,0,2,0,0,0,4
김도형,1974-04-24T00:00:00Z,1997,1997,1,11,7,0,2,0,0,0,1,0,0,1,4,0,0,0,0.286,4
노상진,1974-04-26T00:00:00Z,1997,1997,1,2,4,0,1,1,0,0,1,0,0,0,0,0,0,0,0.25,4
강규철,1974-05-05T00:00:00Z,1997,2001,5,51,52,6,9,0,0,1,3,0,1,1,1,8,1,6,0.173,5
장석희,1974-05-08T00:00:00Z,1997,1997,1,19,26,1,3,1,0,0,0,0,0,0,1,9,0,2,0.115,5
조남기,1974-05-17T00:00:00Z,1997,1999,2,25,37,5,10,2,0,0,5,0,0,3,1,6,1,1,0.27,5
이영주,1974-05-25T00:00:00Z,1997,1998,2,21,25,4,5,1,0,1,3,0,0,5,0,5,0,0,0.2,5
장순재,1974-06-27T00:00:00Z,1997,1997,1,5,13,1,4,0,0,1,2,0,0,0,0,4,0,2,0.308,6
백재호,1974-06-30T00:00:00Z,1997,2007,11,1007,2571,278,631,130,6,68,306,19,13,272,36,481,65,84,0.245,6
이동욱,1974-07-17T00:00:00Z,1997,2003,6,143,272,17,60,9,1,5,26,1,3,21,7,52,6,3,0.221,7
한익희,1974-08-09T00:00:00Z,1997,1997,1,1,4,1,4,0,0,0,1,0,1,0,0,0,0,0,1,8
강대호,1974-08-15T00:00:00Z,1997,1998,2,40,60,5,11,1,0,1,7,0,1,7,2,25,1,0,0.183,8
안재만,1974-10-02T00:00:00Z,1997,2008,12,584,1365,174,330,74,3,40,176,53,22,136,21,374,33,62,0.242,10
김도균,1974-10-08T00:00:00Z,1997,1997,1,9,8,0,2,0,0,0,1,0,0,0,0,1,0,0,0.25,10
강신창,1974-11-10T00:00:00Z,1997,1998,2,9,6,1,2,0,0,0,1,0,1,0,0,2,0,0,0.333,11
안세준,1974-12-12T00:00:00Z,1997,1997,1,4,1,0,0,0,0,0,0,0,0,0,0,0,0,0,0,12
조유신,1975-02-07T00:00:00Z,1997,2000,3,74,111,13,22,4,1,1,6,1,0,11,0,32,4,10,0.198,2
김형성,1976-02-28T00:00:00Z,1997,1998,2,66,89,5,15,3,0,0,3,0,0,7,1,23,0,8,0.169,2
나광호,1977-01-15T00:00:00Z,1997,1998,2,10,16,1,2,0,0,1,1,0,0,0,0,5,0,1,0.125,1
김동현,1977-04-12T00:00:00Z,1997,1997,1,3,6,0,0,0,0,0,0,0,0,0,0,1,1,0,0,4
심광호,1977-08-01T00:00:00Z,1997,2012,13,512,815,74,176,28,2,27,95,8,3,50,26,237,21,23,0.216,8
이동욱,1977-08-01T00:00:00Z,1997,1997,1,2,2,0,0,0,0,0,0,0,0,0,1,1,1,0,0,8
임노병,1977-08-27T00:00:00Z,1997,2001,2,10,16,1,2,1,0,0,0,0,0,0,0,10,0,0,0.125,8
조승현,1978-04-05T00:00:00Z,1997,2005,5,70,103,7,20,2,0,4,11,1,0,4,3,34,4,1,0.194,4
이득수,1978-04-25T00:00:00Z,1997,1997,1,2,5,0,1,0,0,0,0,0,0,0,0,2,0,1,0.2,4
손지환,1978-11-13T00:00:00Z,1997,2010,14,908,2044,230,493,82,4,47,217,16,19,112,52,246,48,69,0.241,11
조경환,1972-08-27T00:00:00Z,1998,2007,10,897,2622,350,683,141,10,131,444,12,19,274,60,781,46,14,0.26,8
안희봉,1972-10-03T00:00:00Z,1998,2001,4,43,68,4,16,2,0,3,12,0,0,3,2,22,3,1,0.235,10
서한규,1973-03-28T00:00:00Z,1998,2007,10,457,632,93,142,15,6,4,48,21,4,62,9,121,12,35,0.225,3
정원배,1973-08-01T00:00:00Z,1998,2000,3,46,73,7,17,3,0,1,7,1,0,3,0,17,0,2,0.233,8
강동우,1974-04-20T00:00:00Z,1998,2013,15,1427,4613,687,1247,199,32,75,456,133,58,556,23,611,102,16,0.27,4
문재성,1974-07-06T00:00:00Z,1998,1998,1,10,4,1,0,0,0,0,0,0,0,1,0,2,0,0,0,7
이준용,1974-08-02T00:00:00Z,1998,1998,1,25,31,5,7,0,0,0,1,1,0,4,1,8,2,0,0.226,8
방수환,1975-01-17T00:00:00Z,1998,1998,1,3,4,0,0,0,0,0,0,0,0,0,0,2,0,0,0,1
김상호,1975-03-11T00:00:00Z,1998,2000,3,10,19,1,4,0,0,1,2,0,0,2,0,6,0,2,0.211,3
윤석권,1975-03-21T00:00:00Z,1998,1998,1,3,2,0,0,0,0,0,0,0,0,0,0,2,0,0,0,3
손인호,1975-04-03T00:00:00Z,1998,2012,13,908,2257,235,593,122,13,24,242,17,16,226,23,409,28,14,0.263,4
윤재국,1975-05-05T00:00:00Z,1998,2009,10,714,1766,234,453,63,22,19,170,53,29,154,6,350,14,8,0.257,5
엄정대,1975-05-10T00:00:00Z,1998,2003,6,175,153,34,32,3,1,3,19,3,3,9,5,40,5,1,0.209,5
이우석,1975-06-12T00:00:00Z,1998,2000,3,49,84,13,16,2,0,0,2,3,2,8,0,17,1,1,0.19,6
김수관,1975-08-05T00:00:00Z,1998,2002,5,100,131,10,24,4,0,1,12,1,1,8,1,35,4,3,0.183,8
오충원,1975-08-12T00:00:00Z,1998,1999,2,20,21,2,1,0,0,0,1,0,0,4,1,9,0,0,0.048,8
강민규,1975-10-10T00:00:00Z,1998,2001,3,129,185,26,38,5,2,3,22,8,4,12,2,51,0,4,0.205,10
조은진,1975-10-28T00:00:00Z,1998,1998,1,30,10,4,2,0,0,0,1,4,2,1,0,5,0,1,0.2,10
신경현,1975-11-28T00:00:00Z,1998,2012,13,976,2359,236,595,95,6,31,224,29,24,218,15,437,68,42,0.252,11
김기성,1976-02-02T00:00:00Z,1998,1998,1,8,1,1,0,0,0,0,0,0,0,0,0,1,0,0,0,2
지승준,1977-06-07T00:00:00Z,1998,1999,2,60,54,8,13,0,0,0,4,1,0,4,0,8,2,1,0.241,6
정수성,1978-03-04T00:00:00Z,1998,2013,14,722,1071,212,258,34,10,7,58,127,40,73,36,237,14,11,0.241,3
이상호,1978-04-24T00:00:00Z,1998,1998,1,1,1,0,0,0,0,0,0,0,0,0,0,1,0,0,0,4
김윤일,1978-05-22T00:00:00Z,1998,1999,2,12,17,0,2,1,0,0,2,0,0,1,1,7,0,2,0.118,5
정인호,1978-06-06T00:00:00Z,1998,1998,1,4,2,0,1,0,0,0,0,0,0,0,0,1,0,0,0.5,6
김진수,1979-04-19T00:00:00Z,1998,2009,6,122,118,9,24,3,1,0,6,2,1,9,0,39,6,3,0.203,4
조웅천,1971-03-17T00:00:00Z,1999,2008,3,7,2,0,0,0,0,0,1,0,0,0,0,1,0,0,0,3
유현승,1971-03-27T00:00:00Z,1999,1999,1,1,1,0,0,0,0,0,0,0,0,0,0,1,0,0,0,3
강필선,1972-05-31T00:00:00Z,1999,2001,3,5,12,2,3,1,0,1,1,0,0,0,0,3,0,1,0.25,5
오규택,1973-08-01T00:00:00Z,1999,2000,2,3,0,0,0,0,0,0,0,0,0,0,0,0,0,0,NA,8
김지훈,1973-09-02T00:00:00Z,1999,2004,5,216,204,18,44,8,0,7,26,0,0,13,2,63,6,3,0.216,9
박연수,1974-01-14T00:00:00Z,1999,2008,10,488,901,106,232,42,3,31,137,6,8,101,15,283,17,2,0.257,1
정회선,1974-05-26T00:00:00Z,1999,1999,1,5,2,1,1,0,0,0,0,0,0,0,0,0,0,0,0.5,5
강혁,1974-08-25T00:00:00Z,1999,2007,7,428,930,99,232,45,0,18,115,2,7,85,5,141,27,10,0.249,8
조현,1974-10-17T00:00:00Z,1999,1999,1,2,1,0,0,0,0,0,0,0,0,0,0,1,0,0,0,10
심재윤,1975-08-24T00:00:00Z,1999,2001,3,140,159,28,35,6,1,9,20,2,2,15,4,53,5,1,0.22,8
이병수,1975-09-23T00:00:00Z,1999,1999,1,1,2,0,0,0,0,0,0,0,0,0,0,1,0,0,0,9
채종국,1975-10-24T00:00:00Z,1999,2008,9,659,1343,169,318,54,1,22,128,8,16,88,59,213,28,59,0.237,10
이정훈,1975-11-23T00:00:00Z,1999,1999,1,5,9,3,3,1,0,1,3,0,0,3,0,2,0,0,0.333,11
황우구,1976-05-03T00:00:00Z,1999,2004,6,377,726,70,173,38,4,7,74,6,6,75,9,131,19,25,0.238,5
장일현,1976-05-12T00:00:00Z,1999,2005,5,411,854,102,222,37,1,12,90,9,5,69,5,124,21,6,0.26,5
장영균,1976-05-20T00:00:00Z,1999,2003,5,56,44,7,8,4,0,0,3,0,0,5,2,20,1,0,0.182,5
한규식,1976-09-14T00:00:00Z,1999,2007,7,335,562,73,124,17,2,3,39,2,2,51,4,128,11,27,0.221,9
김기환,1976-12-07T00:00:00Z,1999,2000,2,8,20,2,5,0,0,1,4,0,0,0,0,8,0,0,0.25,12
김경진,1976-12-21T00:00:00Z,1999,2007,7,201,279,42,58,10,0,5,25,1,1,19,11,63,9,7,0.208,12
오주상,1977-11-20T00:00:00Z,1999,1999,1,2,3,0,0,0,0,0,0,0,0,1,0,1,0,0,0,11
김일경,1978-07-01T00:00:00Z,1999,2012,13,800,1569,220,386,62,5,18,118,90,38,119,25,331,35,46,0.246,7
윤상무,1979-07-20T00:00:00Z,1999,2004,3,11,5,2,0,0,0,0,0,0,0,0,0,3,0,0,0,7
정현택,1980-02-22T00:00:00Z,1999,2001,3,55,86,11,22,1,1,2,8,1,0,8,1,19,3,0,0.256,2
조재영,1980-03-15T00:00:00Z,1999,2001,3,14,4,1,1,1,0,0,1,0,0,1,0,0,0,0,0.25,3
최경환,1972-05-12T00:00:00Z,2000,2009,10,810,2075,266,549,95,12,32,222,59,25,164,20,333,33,14,0.265,5
장재명,1972-05-25T00:00:00Z,2000,2000,1,9,13,1,1,0,0,0,1,0,1,1,0,4,0,0,0.077,5
이대진,1974-06-09T00:00:00Z,2000,2002,2,24,37,2,3,1,1,0,4,0,0,2,0,18,0,1,0.081,6
김필중,1975-05-16T00:00:00Z,2000,2002,2,21,7,1,2,0,0,0,1,0,0,0,0,4,0,0,0.286,5
박경진,1976-03-22T00:00:00Z,2000,2005,6,202,252,23,52,4,2,1,21,1,0,18,7,48,5,6,0.206,3
차정국,1976-08-07T00:00:00Z,2000,2000,1,1,1,0,0,0,0,0,0,0,0,0,0,1,0,0,0,8
조상수,1976-08-24T00:00:00Z,2000,2001,2,3,6,0,1,0,0,0,0,0,0,0,0,4,0,0,0.167,8
김무성,1976-11-25T00:00:00Z,2000,2001,2,2,2,0,0,0,0,0,0,0,0,0,0,0,0,0,0,11
이상현,1976-12-11T00:00:00Z,2000,2004,2,5,8,0,1,1,0,0,0,0,0,1,0,3,0,0,0.125,12
전근표,1977-03-05T00:00:00Z,2000,2010,10,406,759,99,187,33,1,29,89,1,4,116,6,210,13,11,0.246,3
박창원,1977-03-17T00:00:00Z,2000,2000,1,2,4,0,0,0,0,0,0,0,0,0,0,4,0,0,0,3
정원석,1977-03-27T00:00:00Z,2000,2012,10,542,971,138,250,36,7,16,104,38,25,95,43,233,25,37,0.257,3
윤현식,1977-04-03T00:00:00Z,2000,2004,5,88,50,9,4,0,0,0,1,0,1,3,0,12,1,1,0.08,4
임학수,1977-04-03T00:00:00Z,2000,2000,1,16,7,1,2,0,0,0,1,0,0,0,0,3,0,1,0.286,4
조홍준,1977-04-27T00:00:00Z,2000,2000,1,27,35,3,4,1,0,1,3,0,0,2,1,18,2,0,0.114,4
남기헌,1977-08-01T00:00:00Z,2000,2001,2,79,114,16,25,6,1,0,10,1,0,11,8,23,2,1,0.219,8
신주일,1977-09-18T00:00:00Z,2000,2004,3,53,69,12,19,1,0,0,7,4,2,6,0,10,1,9,0.275,9
양현석,1977-10-20T00:00:00Z,2000,2007,6,400,795,81,191,34,3,24,114,7,7,72,20,163,19,5,0.24,10
박정환,1977-10-23T00:00:00Z,2000,2011,12,598,1219,168,293,59,6,21,141,9,7,123,12,286,45,29,0.24,10
장교성,1977-10-27T00:00:00Z,2000,2006,4,139,174,16,31,3,3,1,9,2,6,8,2,45,8,11,0.178,10
채종범,1977-12-03T00:00:00Z,2000,2010,8,681,2108,279,553,94,10,50,246,25,33,191,56,305,54,8,0.262,12
홍세완,1978-01-16T00:00:00Z,2000,2010,10,817,2853,366,774,134,4,90,431,41,32,288,37,396,94,74,0.271,1
최길성,1978-02-06T00:00:00Z,2000,2007,6,170,388,33,88,20,2,7,44,5,0,45,3,99,8,8,0.227,2
최승환,1978-02-25T00:00:00Z,2000,2013,11,318,559,52,122,22,0,13,64,1,0,51,6,122,18,10,0.218,2
김성균,1976-01-25T00:00:00Z,2001,2002,2,14,9,1,0,0,0,0,0,0,0,0,0,4,0,1,0,1
조정권,1976-02-25T00:00:00Z,2001,2003,3,127,132,14,26,2,0,1,9,1,0,9,2,23,6,1,0.197,2
구민호,1977-03-11T00:00:00Z,2001,2001,1,4,2,0,0,0,0,0,0,0,0,0,0,1,0,0,0,3
조병찬,1977-05-17T00:00:00Z,2001,2001,1,1,1,0,0,0,0,0,0,0,0,0,0,1,0,0,0,5
방진호,1977-07-27T00:00:00Z,2001,2002,2,39,37,5,4,0,0,0,0,0,0,2,0,10,1,1,0.108,7
김재학,1978-02-18T00:00:00Z,2001,2004,4,37,35,4,5,0,1,0,1,0,0,2,2,9,3,0,0.143,2
김무성,1978-03-02T00:00:00Z,2001,2003,2,3,2,1,0,0,0,0,0,0,0,0,0,0,0,0,0,3
권오현,1978-03-12T00:00:00Z,2001,2003,3,103,144,17,26,10,1,1,3,6,2,6,7,42,3,1,0.181,3
서창호,1978-06-03T00:00:00Z,2001,2002,2,27,15,2,2,0,0,0,1,0,0,5,0,5,1,2,0.133,6
김기동,1978-08-05T00:00:00Z,2001,2001,1,1,3,0,0,0,0,0,0,0,0,0,0,1,0,0,0,8
박상민,1978-08-11T00:00:00Z,2001,2002,2,37,39,3,9,1,0,0,2,0,2,5,1,9,1,2,0.231,8
심제훈,1978-10-11T00:00:00Z,2001,2004,3,62,26,11,2,1,0,0,0,3,2,0,0,9,1,3,0.077,10
이송영,1979-01-17T00:00:00Z,2001,2004,2,2,2,0,1,0,0,0,0,0,0,0,0,1,0,0,0.5,1
오우진,1979-01-30T00:00:00Z,2001,2003,3,19,24,1,6,0,0,1,4,0,0,0,1,8,2,1,0.25,1
오세학,1979-09-09T00:00:00Z,2001,2001,1,8,6,0,1,0,0,0,0,0,0,0,0,0,0,0,0.167,9
최동연,1979-09-30T00:00:00Z,2001,2001,1,1,1,0,0,0,0,0,0,0,0,0,0,0,0,0,0,9
송원국,1979-10-26T00:00:00Z,2001,2002,2,81,146,19,39,7,0,6,28,4,0,8,0,28,4,7,0.267,10
정정오,1980-02-10T00:00:00Z,2001,2001,1,1,0,0,0,0,0,0,0,0,0,0,0,0,0,0,NA,2
김동건,1982-03-07T00:00:00Z,2001,2013,8,76,98,8,16,1,1,2,7,0,0,6,2,31,3,5,0.163,3
김민철,1982-03-14T00:00:00Z,2001,2006,6,333,393,57,87,10,5,0,29,15,10,26,5,82,4,17,0.221,3
이대호,1982-06-21T00:00:00Z,2001,2011,11,1150,4048,611,1250,204,5,225,809,9,9,475,129,627,121,91,0.309,6
김우석,1975-09-02T00:00:00Z,2002,2008,7,161,129,17,23,5,1,1,6,1,1,7,3,36,4,8,0.178,9
정성열,1976-05-16T00:00:00Z,2002,2003,2,17,18,1,1,0,0,0,0,0,0,0,1,6,2,0,0.056,5
김학재,1976-08-11T00:00:00Z,2002,2002,1,2,0,0,0,0,0,0,0,0,0,0,0,0,0,0,NA,8
서성민,1976-08-22T00:00:00Z,2002,2002,1,36,46,3,5,0,0,1,1,1,0,2,1,16,1,0,0.109,8
강병식,1977-04-23T00:00:00Z,2002,2012,11,761,1305,147,308,56,5,39,174,11,12,166,32,305,35,18,0.236,4
박봉수,1977-07-16T00:00:00Z,2002,2002,1,8,6,0,0,0,0,0,0,0,0,1,0,0,0,0,0,7
조윤채,1977-08-10T00:00:00Z,2002,2004,3,94,113,38,28,4,0,1,3,5,4,16,5,30,2,1,0.248,8
윤태수,1978-04-05T00:00:00Z,2002,2003,2,9,9,1,3,1,0,1,1,0,0,0,0,1,0,0,0.333,4
박우호,1978-05-15T00:00:00Z,2002,2002,1,12,10,2,2,0,0,0,0,0,0,0,1,3,0,1,0.2,5
김대원,1978-05-18T00:00:00Z,2002,2002,1,15,2,5,0,0,0,0,0,2,0,0,0,2,0,0,0,5
김재구,1978-05-31T00:00:00Z,2002,2008,4,89,96,7,23,5,0,4,20,1,0,5,1,30,4,0,0.24,5
이준민,1979-01-23T00:00:00Z,2002,2003,2,11,9,0,1,0,0,0,0,0,0,1,0,4,1,0,0.111,1
유재웅,1979-05-20T00:00:00Z,2002,2012,8,392,753,84,185,42,1,21,95,2,6,72,11,194,16,6,0.246,5
송혁,1979-05-21T00:00:00Z,2002,2003,2,14,15,0,1,0,0,0,0,0,0,3,0,5,1,0,0.067,5
김정현,1979-05-27T00:00:00Z,2002,2002,1,24,68,10,17,2,0,1,6,0,3,8,0,20,0,3,0.25,5
조민철,1979-06-08T00:00:00Z,2002,2003,2,17,23,1,4,0,0,0,3,0,0,1,1,7,0,0,0.174,6
조현수,1979-06-27T00:00:00Z,2002,2005,4,222,462,47,116,24,0,6,46,2,3,30,20,104,8,1,0.251,6
강귀태,1979-08-12T00:00:00Z,2002,2012,11,816,1833,176,468,76,4,31,215,9,12,124,15,262,58,32,0.255,8
윤형국,1979-08-20T00:00:00Z,2002,2004,3,25,16,1,1,0,0,0,1,0,0,2,0,5,0,0,0.062,8
김용우,1979-09-12T00:00:00Z,2002,2009,6,135,165,14,39,6,1,2,18,2,1,23,8,36,3,1,0.236,9
허일상,1979-12-21T00:00:00Z,2002,2009,4,129,193,16,43,10,1,2,13,0,1,12,2,31,2,4,0.223,12
조재호,1980-01-10T00:00:00Z,2002,2012,9,382,509,56,111,20,3,5,53,6,8,54,10,104,11,4,0.218,1
이경환,1983-05-21T00:00:00Z,2002,2009,4,29,24,1,4,0,0,0,0,0,0,1,0,5,0,1,0.167,5
이태호,1983-09-24T00:00:00Z,2002,2007,6,81,52,7,7,2,0,0,0,0,1,1,2,20,0,0,0.135,9
이승준,1976-07-03T00:00:00Z,2003,2006,4,131,233,23,53,10,0,11,27,2,0,18,4,89,3,3,0.227,7
오태근,1978-04-05T00:00:00Z,2003,2009,7,214,288,42,54,13,2,1,11,27,17,27,7,69,2,2,0.188,4
김세중,1979-10-20T00:00:00Z,2003,2003,1,1,1,0,0,0,0,0,0,0,0,0,0,0,0,0,0,10
이민택,1980-02-23T00:00:00Z,2003,2003,1,9,3,2,0,0,0,0,0,1,0,0,0,1,0,0,0,2
정종수,1980-05-08T00:00:00Z,2003,2008,2,18,21,1,1,0,0,0,1,0,0,2,1,8,1,3,0.048,5
백승훈,1980-05-16T00:00:00Z,2003,2004,2,7,1,0,0,0,0,0,0,0,1,0,0,0,0,0,0,5
김형철,1980-05-26T00:00:00Z,2003,2010,8,167,154,18,24,3,0,0,8,4,2,7,0,39,2,6,0.156,5
송수근,1980-06-26T00:00:00Z,2003,2004,2,30,14,3,2,0,0,0,0,0,0,0,1,2,0,0,0.143,6
정보명,1980-08-23T00:00:00Z,2003,2013,9,439,1189,112,322,66,6,9,137,11,14,94,20,236,36,36,0.271,8
이인구,1980-11-07T00:00:00Z,2003,2013,9,347,840,114,206,33,7,10,74,27,12,79,23,169,14,7,0.245,11
백대운,1980-11-21T00:00:00Z,2003,2003,1,9,15,2,1,1,0,0,0,0,0,1,0,5,1,0,0.067,11
신민기,1980-12-11T00:00:00Z,2003,2003,1,21,21,2,2,0,0,0,1,0,0,0,0,7,0,0,0.095,12
최동락,1980-12-24T00:00:00Z,2003,2003,1,26,14,1,2,0,0,0,0,1,1,1,0,7,0,1,0.143,12
곽용섭,1983-02-03T00:00:00Z,2003,2009,4,15,22,0,3,1,0,0,0,0,0,1,0,10,0,0,0.136,2
박두일,1983-03-25T00:00:00Z,2003,2003,1,1,1,0,0,0,0,0,0,0,0,0,0,0,0,0,0,3
김광희,1983-07-23T00:00:00Z,2003,2003,1,6,9,3,4,1,1,0,2,0,0,2,0,2,1,0,0.444,7
김주호,1984-04-01T00:00:00Z,2003,2006,4,76,74,8,15,0,0,2,11,0,1,6,1,20,2,3,0.203,4
이정상,1984-07-11T00:00:00Z,2003,2004,2,14,21,3,6,1,0,0,3,1,0,4,0,4,2,0,0.286,7
맹진국,1984-08-28T00:00:00Z,2003,2004,2,14,14,0,2,0,0,0,1,1,0,1,0,5,0,1,0.143,8
김원,1978-09-23T00:00:00Z,2004,2004,1,5,5,0,1,0,0,0,0,0,0,0,0,3,0,0,0.2,9
조인신,1980-08-14T00:00:00Z,2004,2005,2,49,41,6,6,2,0,0,2,1,0,2,0,9,0,2,0.146,8
박진환,1981-03-10T00:00:00Z,2004,2011,4,66,118,11,21,7,0,1,8,3,2,4,1,37,2,13,0.178,3
이창훈,1981-03-25T00:00:00Z,2004,2004,1,25,35,6,9,2,0,1,4,0,1,5,0,11,0,1,0.257,3
조문기,1981-04-12T00:00:00Z,2004,2004,1,1,1,0,0,0,0,0,0,0,0,0,0,1,0,0,0,4
홍마태,1981-05-05T00:00:00Z,2004,2004,1,6,2,1,0,0,0,0,0,0,0,0,1,1,0,0,0,5
방승재,1981-05-10T00:00:00Z,2004,2005,2,16,9,6,0,0,0,0,0,1,0,1,0,5,0,0,0,5
황이갑,1981-05-22T00:00:00Z,2004,2004,1,5,5,0,0,0,0,0,0,0,0,0,0,1,0,0,0,5
권영근,1981-11-16T00:00:00Z,2004,2005,2,12,7,4,3,1,0,0,1,0,0,0,0,2,0,0,0.429,11
서정호,1981-12-24T00:00:00Z,2004,2009,4,24,44,6,8,0,0,2,4,2,0,4,0,15,1,1,0.182,12
허용,1982-02-03T00:00:00Z,2004,2004,1,1,3,0,0,0,0,0,0,0,0,0,0,2,0,0,0,2
성민국,1982-02-09T00:00:00Z,2004,2004,1,4,4,0,0,0,0,0,0,0,0,0,1,0,1,0,0,2
양승학,1984-01-20T00:00:00Z,2004,2009,3,47,93,12,24,5,0,4,12,0,0,7,2,29,2,1,0.258,1
최민준,1984-04-05T00:00:00Z,2004,2005,2,15,10,6,1,0,0,0,0,3,0,0,0,5,0,0,0.1,4
김만윤,1984-07-23T00:00:00Z,2004,2004,1,7,10,1,3,0,0,0,0,0,1,0,1,4,0,0,0.3,7
김영복,1985-02-17T00:00:00Z,2004,2006,3,34,48,5,8,1,0,1,4,0,0,2,0,8,0,0,0.167,2
김종성,1985-10-03T00:00:00Z,2004,2004,1,2,0,0,0,0,0,0,0,0,0,0,0,0,0,0,NA,10
허연철,1980-08-07T00:00:00Z,2005,2005,1,10,3,0,0,0,0,0,0,0,0,1,0,1,0,0,0,8
김성호,1981-04-30T00:00:00Z,2005,2005,1,2,2,0,0,0,0,0,0,0,0,0,0,2,0,0,0,4
이영수,1981-05-09T00:00:00Z,2005,2010,3,61,107,10,23,6,0,2,15,0,0,16,4,15,6,0,0.215,5
권민성,1981-05-31T00:00:00Z,2005,2005,1,10,13,0,3,2,0,0,3,0,0,0,1,5,0,0,0.231,5
주창훈,1981-12-17T00:00:00Z,2005,2005,1,1,2,1,0,0,0,0,0,0,0,0,1,2,0,0,0,12
이동훈,1981-12-25T00:00:00Z,2005,2009,5,21,11,1,2,1,0,0,0,0,0,0,0,3,0,0,0.182,12
황준영,1982-03-11T00:00:00Z,2005,2006,2,19,17,7,4,1,0,1,1,0,0,4,0,3,1,0,0.235,3
임성민,1982-06-18T00:00:00Z,2005,2005,1,47,56,12,13,2,0,1,3,0,0,6,0,14,2,0,0.232,6
백정훈,1982-06-24T00:00:00Z,2005,2005,1,1,1,0,0,0,0,0,0,0,0,0,0,0,0,0,0,6
송산,1982-07-02T00:00:00Z,2005,2012,5,247,423,37,95,12,0,7,55,5,5,29,5,97,16,16,0.225,7
손승현,1982-07-08T00:00:00Z,2005,2009,4,19,5,0,0,0,0,0,0,0,0,0,0,0,0,0,0,7
정희상,1982-08-13T00:00:00Z,2005,2010,3,74,132,15,27,5,1,2,9,4,0,12,2,41,4,1,0.205,8
윤승균,1983-01-07T00:00:00Z,2005,2006,2,120,101,34,19,2,0,1,6,40,13,5,1,37,0,3,0.188,1
유덕형,1984-05-26T00:00:00Z,2005,2007,2,6,6,0,0,0,0,0,0,0,0,0,0,5,0,0,0,5
김혜겸,1985-01-05T00:00:00Z,2005,2007,2,9,5,0,2,0,0,0,1,0,0,0,1,1,1,0,0.4,1
오재필,1982-07-27T00:00:00Z,2006,2013,5,162,233,32,49,6,1,3,21,15,5,17,6,95,1,1,0.21,7
이승엽,1982-11-28T00:00:00Z,2006,2006,1,12,11,0,0,0,0,0,1,0,0,1,0,7,0,0,0,11
연경흠,1983-09-14T00:00:00Z,2006,2013,6,345,774,102,180,40,3,26,88,2,1,76,13,183,19,5,0.233,9
추경식,1983-11-19T00:00:00Z,2006,2006,1,13,10,2,1,1,0,0,0,0,0,1,0,4,1,1,0.1,11
송수,1984-03-04T00:00:00Z,2006,2006,1,9,9,0,2,0,0,0,0,0,0,0,1,4,0,1,0.222,3
이호성,1986-08-15T00:00:00Z,2006,2006,1,1,1,0,0,0,0,0,0,0,0,0,0,1,0,0,0,8
박가람,1986-11-07T00:00:00Z,2006,2006,1,6,17,2,5,0,0,0,1,1,0,0,1,4,0,1,0.294,11
권윤민,1979-01-22T00:00:00Z,2007,2007,1,11,19,0,5,0,1,0,0,0,0,0,1,4,2,0,0.263,1
권도영,1981-02-11T00:00:00Z,2007,2010,4,166,259,29,62,13,1,1,18,1,2,24,3,59,5,4,0.239,2
김용섭,1983-01-18T00:00:00Z,2007,2011,2,3,2,0,0,0,0,0,0,0,0,0,0,2,0,0,0,1
박도현,1983-04-12T00:00:00Z,2007,2009,2,14,15,2,5,0,0,0,1,1,1,1,0,7,1,0,0.333,4
홍유택,1983-07-16T00:00:00Z,2007,2007,1,6,1,1,0,0,0,0,0,1,0,0,0,1,0,0,0,7
이강서,1984-01-10T00:00:00Z,2007,2007,1,15,16,2,0,0,0,0,0,1,0,3,0,3,0,0,0,1
이승주,1984-04-13T00:00:00Z,2007,2011,2,12,18,1,2,0,0,0,0,0,0,2,0,7,0,0,0.111,4
서정,1984-04-16T00:00:00Z,2007,2007,1,1,1,0,1,0,0,0,0,0,0,0,0,0,0,0,1,4
이창석,1984-12-15T00:00:00Z,2007,2007,1,3,3,0,0,0,0,0,0,0,0,0,0,1,0,0,0,12
김동영,1985-04-02T00:00:00Z,2007,2010,3,23,27,1,5,0,0,0,2,1,1,3,0,9,1,0,0.185,4
김정수,1986-03-15T00:00:00Z,2007,2007,1,3,3,1,1,1,0,0,0,0,0,0,0,0,0,1,0.333,3
유용목,1986-06-10T00:00:00Z,2007,2009,3,13,8,0,1,0,0,0,0,0,0,0,0,4,0,0,0.125,6
유선정,1986-08-21T00:00:00Z,2007,2011,5,143,248,22,49,7,1,1,25,2,1,35,3,54,5,6,0.198,8
김하람,1986-09-11T00:00:00Z,2007,2007,1,1,0,0,0,0,0,0,0,0,0,0,0,0,0,0,NA,9
이두환,1988-03-16T00:00:00Z,2007,2010,2,14,26,2,8,1,0,1,6,1,0,2,1,8,0,0,0.308,3
조영민,1981-03-11T00:00:00Z,2008,2008,1,4,0,0,0,0,0,0,0,0,0,0,0,0,0,0,NA,3
서성종,1983-06-17T00:00:00Z,2008,2010,2,5,3,1,1,0,0,0,0,0,0,0,0,0,0,0,0.333,6
김준호,1984-03-03T00:00:00Z,2008,2011,3,59,96,10,23,2,2,1,10,0,0,2,0,26,2,1,0.24,3
노환수,1984-06-30T00:00:00Z,2008,2008,1,2,0,0,0,0,0,0,0,0,0,0,0,0,0,0,NA,6
권영진,1984-11-18T00:00:00Z,2008,2012,3,35,41,1,7,0,0,1,3,0,0,1,0,5,1,1,0.171,11
김수형,1985-03-27T00:00:00Z,2008,2008,1,1,0,0,0,0,0,0,0,0,0,0,0,0,0,0,NA,3
박진영,1985-03-27T00:00:00Z,2008,2008,1,10,26,3,8,0,0,0,0,0,0,1,0,2,2,1,0.308,3
최현종,1985-07-08T00:00:00Z,2008,2008,1,18,32,2,4,1,0,0,1,0,1,4,0,9,0,0,0.125,7
임도현,1985-09-06T00:00:00Z,2008,2013,3,31,17,5,3,1,0,0,0,1,1,2,0,8,0,1,0.176,9
이성재,1985-11-20T00:00:00Z,2008,2008,1,7,10,0,2,1,0,0,0,0,0,1,0,3,2,1,0.2,11
김주현,1986-01-22T00:00:00Z,2008,2009,2,16,28,7,8,1,1,0,2,0,1,0,2,4,1,0,0.286,1
김회권,1986-04-10T00:00:00Z,2008,2008,1,1,0,0,0,0,0,0,0,0,0,0,0,0,0,0,NA,4
최연오,1984-03-14T00:00:00Z,2009,2009,1,5,4,0,0,0,0,0,0,0,0,0,0,1,1,0,0,3
하지호,1984-12-16T00:00:00Z,2009,2010,2,11,9,1,1,0,0,0,0,0,0,0,0,3,0,0,0.111,12
윤진호,1986-06-23T00:00:00Z,2009,2012,4,117,112,16,17,5,0,0,4,3,2,8,0,33,6,11,0.152,6
김정남,1986-11-22T00:00:00Z,2009,2011,2,16,21,4,6,1,0,1,2,0,0,3,1,4,1,2,0.286,11
조태수,1983-05-29T00:00:00Z,2010,2010,1,4,0,0,0,0,0,0,0,0,0,0,0,0,0,0,NA,5
이성호,1985-03-09T00:00:00Z,2010,2010,1,5,5,0,0,0,0,0,0,0,0,1,0,2,0,0,0,3
장태성,1986-12-15T00:00:00Z,2010,2010,1,3,1,0,1,0,0,0,1,0,0,0,0,0,0,0,1,12
김동길,1987-03-01T00:00:00Z,2010,2011,2,14,6,2,2,1,1,0,1,0,0,1,0,3,0,1,0.333,3
변용선,1987-05-17T00:00:00Z,2010,2012,2,10,8,1,1,0,0,0,1,0,0,0,0,3,0,0,0.125,5
임한용,1987-07-15T00:00:00Z,2010,2011,2,12,22,3,3,0,0,0,0,1,0,1,0,6,0,0,0.136,7
윤효섭,1990-10-24T00:00:00Z,2010,2010,1,1,2,0,0,0,0,0,0,0,0,0,0,0,0,0,0,10
김재우,1991-10-22T00:00:00Z,2010,2010,1,5,5,3,1,0,0,0,0,0,0,0,0,2,0,0,0.2,10
김용호,1986-03-29T00:00:00Z,2011,2011,1,2,8,0,0,0,0,0,0,0,0,0,0,3,0,0,0,3
안동현,1986-12-24T00:00:00Z,2011,2011,1,2,2,0,0,0,0,0,0,0,0,0,0,2,0,0,0,12
박진원,1987-03-17T00:00:00Z,2011,2011,1,7,11,0,1,0,0,0,0,1,0,0,0,2,0,0,0.091,3
김태훈,1987-09-28T00:00:00Z,2011,2011,1,3,5,0,0,0,0,0,0,0,0,0,0,1,2,0,0,9
정상교,1991-10-01T00:00:00Z,2011,2012,2,12,5,0,1,0,0,0,0,0,0,0,0,0,0,0,0.2,10
허일,1992-11-20T00:00:00Z,2011,2011,1,2,4,0,0,0,0,0,0,0,0,0,0,3,0,0,0,11
권영준,1986-06-04T00:00:00Z,2012,2012,1,11,13,2,3,0,0,0,0,0,0,0,1,6,0,0,0.231,6
이민재,1988-02-05T00:00:00Z,2012,2012,1,7,14,0,1,0,0,0,0,0,0,0,0,4,0,0,0.071,2
한성구,1988-09-14T00:00:00Z,2012,2012,1,17,30,1,11,4,0,0,4,0,0,2,0,7,0,0,0.367,9
김영훈,1989-03-24T00:00:00Z,2012,2012,1,2,0,0,0,0,0,0,0,0,0,0,0,0,0,0,NA,3
이우선,1983-04-19T00:00:00Z,2013,2013,1,1,0,0,0,0,0,0,0,0,0,0,0,0,0,0,NA,4
임세업,1983-09-01T00:00:00Z,2013,2013,1,5,7,0,2,0,0,0,1,0,1,0,0,1,0,0,0.286,9
임경훈,1989-08-30T00:00:00Z,2013,2013,1,7,3,1,0,0,0,0,0,0,0,3,0,2,0,2,0,8
