name,birth,start_year,end_year,career,games,완투,완봉,승,패,세,홀,타자,이닝,피안타,피홈런,볼넷,사구,탈삼진,실점,자책점,winning_rate,birth_month
박경호,1951-01-15T00:00:00Z,1982,1982,1,12,0,0,0,1,0,0,107,22.666666666666668,29,3,15,1,5,20,17,0,1
황태환,1952-08-06T00:00:00Z,1982,1989,8,199,4,1,21,29,26,0,2182,518.3333333333334,498,52,195,23,239,246,213,0.42,8
오문현,1953-02-13T00:00:00Z,1982,1987,6,74,1,0,7,20,0,0,1108,267,566,42,88,33,57,174,157,0.259,2
계형철,1953-04-03T00:00:00Z,1982,1991,10,254,39,8,69,89,9,0,5454,1286.6666666666667,1167,73,575,46,547,586,491,0.437,4
황규봉,1953-04-24T00:00:00Z,1982,1986,5,154,20,4,48,29,24,0,2751,676,639,41,152,29,257,278,231,0.623,4
최옥규,1953-07-17T00:00:00Z,1982,1982,1,13,0,0,0,2,1,0,221,47.666666666666664,63,5,26,2,31,36,26,0,7
권영호,1954-01-23T00:00:00Z,1982,1989,8,288,18,5,56,49,100,0,4210,1020.6666666666666,885,77,387,24,421,388,347,0.533,1
천창호,1954-02-13T00:00:00Z,1982,1989,8,168,10,1,21,30,3,0,2109,494,526,54,138,25,228,255,217,0.412,2
방기만,1954-05-15T00:00:00Z,1982,1982,1,8,0,0,0,0,0,0,90,17.333333333333332,26,1,13,1,3,16,12,0,5
이광권,1954-06-28T00:00:00Z,1982,1985,4,71,6,1,15,12,2,0,1162,276,264,19,102,17,107,123,96,0.556,6
정순명,1954-06-30T00:00:00Z,1982,1985,4,53,1,0,11,15,1,0,867,193,211,20,90,14,78,125,100,0.423,6
이선희,1955-02-14T00:00:00Z,1982,1987,6,133,11,5,28,36,3,0,2293,539.6666666666666,506,42,236,31,234,243,201,0.438,2
김문희,1955-03-23T00:00:00Z,1982,1985,4,78,10,1,12,24,0,0,1324,305.33333333333337,343,30,107,12,77,166,137,0.333,3
김덕열,1955-04-23T00:00:00Z,1982,1984,3,28,1,0,1,5,0,0,372,84,94,12,36,5,37,50,45,0.167,4
하기룡,1955-05-08T00:00:00Z,1982,1989,7,181,28,9,50,43,16,0,3399,817.3333333333333,750,35,266,49,333,322,261,0.538,5
신태중,1955-06-27T00:00:00Z,1982,1986,5,68,1,0,5,14,5,0,948,203.666666666666,244,29,115,17,92,166,130,0.263,6
박상열,1955-08-05T00:00:00Z,1982,1988,7,153,14,1,38,39,2,0,2957,696,691,46,245,51,217,321,271,0.494,8
김현홍,1956-02-13T00:00:00Z,1982,1983,2,25,1,1,2,1,1,0,297,73,79,7,38,1,22,37,30,0.667,2
박철순,1956-03-12T00:00:00Z,1982,1996,13,231,29,7,76,53,20,0,4338,1050.3333333333333,908,43,391,30,648,401,344,0.589,3
이진우,1956-03-18T00:00:00Z,1982,1987,6,124,2,0,10,24,6,0,1472,329,340,37,192,15,177,210,171,0.294,3
유종겸,1956-09-14T00:00:00Z,1982,1990,9,269,25,3,57,57,15,0,4363,1039.3333333333333,937,67,419,37,497,439,370,0.5,9
차준섭,1956-10-16T00:00:00Z,1982,1985,3,17,0,0,3,1,0,0,192,43,56,5,11,4,26,34,29,0.75,10
강만식,1957-02-15T00:00:00Z,1982,1989,8,151,16,3,41,37,3,0,2879,679.6666666666666,670,65,213,50,292,340,284,0.526,2
감사용,1957-03-23T00:00:00Z,1982,1986,5,61,1,0,1,15,1,0,828,181.66666666666666,237,32,60,5,47,136,123,0.062,3
성낙수,1957-08-12T00:00:00Z,1982,1986,5,71,5,0,11,11,2,0,1015,242,248,29,51,13,103,111,97,0.5,8
박석채,1957-08-26T00:00:00Z,1982,1983,2,17,1,0,2,1,0,0,210,46.666666666666664,47,5,26,2,22,30,27,0.667,8
선우대영,1957-09-12T00:00:00Z,1982,1983,2,44,11,2,11,12,1,0,974,234.66666666666669,236,21,59,10,103,109,94,0.478,9
강철원,1958-01-27T00:00:00Z,1982,1986,5,39,4,0,9,4,0,0,564,129,136,17,55,11,41,74,72,0.692,1
김용남,1958-02-26T00:00:00Z,1982,1988,7,198,26,6,52,50,13,0,3629,864.6666666666666,934,67,167,22,407,416,347,0.51,2
인호봉,1958-03-04T00:00:00Z,1982,1985,4,60,3,0,6,12,2,0,903,194,209,28,126,26,60,169,130,0.333,3
노상수,1958-05-05T00:00:00Z,1982,1991,8,176,23,4,35,46,12,0,2953,691,733,62,201,40,315,369,318,0.432,5
박영진,1958-07-27T00:00:00Z,1982,1984,2,7,0,0,0,0,1,0,49,9.333333333333334,19,2,5,1,3,11,10,0,7
김재현,1959-03-03T00:00:00Z,1982,1986,5,100,3,0,12,30,1,0,1711,381.6666666666667,478,34,123,18,132,264,222,0.286,3
이길환,1959-07-15T00:00:00Z,1982,1990,9,152,20,7,44,31,4,0,2914,683,700,48,202,40,224,338,280,0.587,7
방수원,1960-01-04T00:00:00Z,1982,1989,8,197,4,1,18,29,18,0,2566,599.6666666666666,599,32,210,34,238,306,250,0.383,1
김동철,1960-06-05T00:00:00Z,1982,1982,1,32,0,0,1,9,1,0,441,93,125,15,52,6,19,84,73,0.1,6
한상연,1964-08-27T00:00:00Z,1982,1982,1,7,0,0,0,1,0,0,53,4,12,2,5,1,2,10,8,0,8
이원국,1949-05-10T00:00:00Z,1983,1983,1,8,1,0,1,1,0,0,171,38.666666666666664,46,1,14,2,6,25,19,0.5,5
정성만,1955-10-10T00:00:00Z,1983,1987,5,98,17,1,19,38,4,0,1989,448.3333333333333,492,56,202,17,172,272,242,0.333,10
유종천,1956-03-25T00:00:00Z,1983,1983,1,5,1,0,1,2,0,0,89,17,24,0,14,2,7,16,15,0.333,3
임호균,1956-03-26T00:00:00Z,1983,1990,8,154,40,3,44,56,3,0,3605,849,848,46,357,22,252,370,313,0.44,3
김현재,1956-06-04T00:00:00Z,1983,1984,2,14,1,0,1,0,0,0,157,31,40,4,22,2,10,23,13,1,6
배경환,1956-07-08T00:00:00Z,1983,1990,8,161,15,4,28,31,8,0,2596,609.6666666666666,642,47,165,19,231,294,242,0.475,7
김시진,1958-03-20T00:00:00Z,1983,1992,10,273,67,16,124,73,16,0,6601,1577,1302,82,755,83,931,620,547,0.629,3
최동원,1958-05-24T00:00:00Z,1983,1990,8,248,81,15,103,74,26,0,5730,1414.6666666666667,1249,70,372,47,1019,478,387,0.582,5
황기선,1958-06-02T00:00:00Z,1983,1987,5,87,2,0,8,12,2,0,1077,251.33333333333331,229,17,103,20,122,141,106,0.4,6
정선두,1959-06-06T00:00:00Z,1983,1987,4,39,1,1,4,4,0,0,412,97,101,9,35,2,17,50,38,0.5,6
박정후,1959-12-22T00:00:00Z,1983,1985,3,50,2,0,5,14,1,0,801,183,177,13,110,17,75,102,93,0.263,12
오영일,1960-02-06T00:00:00Z,1983,1990,8,215,34,2,62,64,10,0,4461,1043,1093,60,366,46,369,471,413,0.492,2
장호연,1960-05-05T00:00:00Z,1983,1995,13,346,79,16,109,110,17,0,7532,1805,1680,100,626,86,625,788,653,0.498,5
신계석,1960-09-05T00:00:00Z,1983,1983,1,1,0,0,0,0,0,0,13,2,5,0,1,0,0,3,2,0,9
엄평재,1960-10-24T00:00:00Z,1983,1983,1,13,0,0,0,2,0,0,147,11,34,4,16,3,12,25,20,0,10
김상기,1961-03-03T00:00:00Z,1983,1987,4,26,2,0,2,5,0,0,273,62.33333333333333,64,8,30,5,17,39,34,0.286,3
양일환,1961-06-10T00:00:00Z,1983,1989,7,139,15,3,31,32,5,0,2413,565.6666666666666,529,48,238,45,191,298,257,0.492,6
박동경,1964-03-03T00:00:00Z,1983,1988,4,34,1,0,1,3,0,0,415,94,106,6,50,6,24,55,50,0.25,3
김진욱,1960-08-05T00:00:00Z,1984,1993,10,231,33,12,53,71,16,0,4182,991.3333333333334,910,48,407,62,495,459,405,0.427,8
김봉근,1961-03-13T00:00:00Z,1984,1992,8,128,19,2,21,40,4,0,2462,590.6666666666666,623,57,138,20,193,290,247,0.344,3
전용권,1961-04-12T00:00:00Z,1984,1991,7,70,1,1,5,9,3,0,751,168.66666666666634,198,13,70,9,34,106,99,0.357,4
김재열,1961-04-25T00:00:00Z,1984,1988,4,53,1,0,4,10,2,0,729,166,179,15,73,13,48,95,74,0.286,4
진동한,1961-06-04T00:00:00Z,1984,1992,8,165,9,3,34,32,9,0,2613,598.3333333333334,627,51,248,30,181,318,274,0.515,6
최계훈,1961-06-06T00:00:00Z,1984,1986,3,86,19,2,20,28,11,0,1782,415,402,34,177,17,215,197,166,0.417,6
이문한,1961-07-03T00:00:00Z,1984,1991,6,105,2,0,9,9,3,0,1160,271,237,33,138,7,105,133,124,0.5,7
권기홍,1961-07-12T00:00:00Z,1984,1988,5,21,0,0,0,6,0,0,250,51.666666666666664,76,11,22,3,20,51,45,0,7
윤석환,1961-07-17T00:00:00Z,1984,1991,8,235,4,2,43,27,50,0,2654,632.6666666666666,628,58,227,13,293,265,242,0.614,7
최일언,1961-07-27T00:00:00Z,1984,1992,9,240,31,9,78,57,11,0,4673,1115.3333333333333,942,34,541,40,556,422,356,0.578,7
조도연,1961-08-06T00:00:00Z,1984,1989,5,91,4,0,8,15,4,0,1244,289.99999999999966,303,25,102,11,120,145,126,0.348,8
안창완,1961-12-05T00:00:00Z,1984,1991,8,140,0,0,8,12,6,0,1230,278.6666666666667,295,25,143,6,136,138,119,0.4,12
문희수,1965-03-15T00:00:00Z,1984,1995,12,241,17,5,59,49,13,0,4031,943.3333333333334,912,57,345,40,438,447,387,0.546,3
조용철,1965-08-22T00:00:00Z,1984,1985,2,7,0,0,0,0,0,0,47,9.333333333333332,17,0,5,0,4,10,8,0,8
이충우,1958-08-13T00:00:00Z,1985,1988,4,26,0,0,0,1,0,0,287,63,83,6,17,3,25,47,41,0,8
김용수,1960-05-02T00:00:00Z,1985,2000,16,613,17,2,126,89,227,1,7527,1831.3333333333333,1672,86,498,61,1146,694,606,0.586,5
김준희,1960-05-16T00:00:00Z,1985,1987,3,13,0,0,0,0,0,0,117,22.666666666666664,37,1,13,2,8,24,24,0,5
양상문,1961-03-24T00:00:00Z,1985,1993,9,272,40,10,63,79,13,0,5098,1209.6666666666667,1168,98,447,32,599,567,483,0.444,3
박동수,1961-06-12T00:00:00Z,1985,1993,9,209,21,3,41,48,10,0,3469,810,878,49,188,82,392,403,341,0.461,6
한오종,1961-06-16T00:00:00Z,1985,1991,5,35,2,1,4,6,0,0,544,124.333333333333,118,11,69,3,63,64,59,0.4,6
정삼흠,1961-11-05T00:00:00Z,1985,1996,12,388,50,11,106,121,47,0,8004,1894.6666666666667,1783,148,663,127,939,855,763,0.467,11
안언학,1962-01-06T00:00:00Z,1985,1985,1,10,0,0,0,2,0,0,74,15,19,1,9,2,4,17,15,0,1
신태순,1962-02-13T00:00:00Z,1985,1986,2,22,0,0,0,6,0,0,326,73,81,6,30,5,25,43,32,0,2
김기철,1962-05-24T00:00:00Z,1985,1985,1,5,0,0,0,0,0,0,37,7.333333333333333,12,2,5,0,5,7,6,0,5
최상주,1962-08-07T00:00:00Z,1985,1988,4,50,0,0,5,9,0,0,556,61.666666666666664,139,16,53,7,41,88,72,0.357,8
정은배,1962-10-19T00:00:00Z,1985,1992,7,100,5,1,10,24,8,0,1568,354,398,32,154,15,135,214,181,0.294,10
선동열,1963-01-10T00:00:00Z,1985,1995,11,367,68,29,146,40,132,0,6114,1647,968,28,342,62,1698,274,220,0.785,1
김연철,1958-03-20T00:00:00Z,1986,1988,3,41,6,0,5,12,0,0,711,169.33333333333331,201,15,38,7,35,92,78,0.294,3
이우상,1958-11-29T00:00:00Z,1986,1986,1,6,0,0,0,0,0,0,48,9.333333333333334,11,1,8,0,3,6,6,0,11
조호표,1958-12-02T00:00:00Z,1986,1986,1,2,0,0,0,0,0,0,40,2.3333333333333335,18,5,2,0,1,15,14,0,12
기세봉,1960-02-01T00:00:00Z,1986,1986,1,1,0,0,0,0,0,0,3,1,1,0,0,0,0,0,0,0,2
조병천,1960-05-25T00:00:00Z,1986,1992,7,142,12,0,15,38,4,0,2174,500,537,40,201,9,206,278,260,0.283,5
윤학길,1961-07-04T00:00:00Z,1986,1997,12,308,100,20,117,94,10,0,7698,1863.6666666666667,1851,103,487,39,916,780,689,0.555,7
민문식,1961-11-26T00:00:00Z,1986,1987,2,11,0,0,1,2,0,0,96,21.666666666666668,23,4,11,0,8,13,11,0.333,11
임재준,1962-02-07T00:00:00Z,1986,1989,4,18,0,0,0,2,0,0,188,43,37,8,18,3,23,30,25,0,2
예병준,1962-03-12T00:00:00Z,1986,1990,5,52,2,0,2,11,0,0,708,153,199,13,65,9,43,102,90,0.154,3
오명록,1962-04-06T00:00:00Z,1986,1990,5,81,8,2,17,21,4,0,1340,311.3333333333333,301,24,140,7,173,151,131,0.447,4
강상진,1962-04-17T00:00:00Z,1986,1991,4,27,1,0,1,5,0,0,340,72,81,5,50,5,23,59,54,0.167,4
이상군,1962-04-21T00:00:00Z,1986,2001,14,320,62,10,100,77,30,1,5975,1411.6666666666667,1396,104,381,62,622,601,518,0.565,4
김대현,1962-06-16T00:00:00Z,1986,1988,3,80,6,0,16,13,5,0,1396,332.6666666666667,312,32,114,14,118,148,139,0.552,6
한희민,1962-07-19T00:00:00Z,1986,1993,8,204,47,13,80,51,24,0,4600,1124.6666666666667,978,104,330,43,595,456,406,0.611,7
김정수,1962-07-24T00:00:00Z,1986,2003,18,600,17,5,92,77,34,33,5907,1394,1128,101,641,123,1131,593,508,0.544,7
김훈기,1962-07-25T00:00:00Z,1986,1989,4,64,10,3,19,12,6,0,1093,256.6666666666667,241,16,90,14,87,114,98,0.613,7
성준,1962-09-25T00:00:00Z,1986,1999,14,301,32,10,97,66,8,0,5941,1405.6666666666667,1317,115,566,44,575,581,518,0.595,9
박노준,1962-10-26T00:00:00Z,1986,1988,3,43,1,0,5,7,7,0,534,129.33333333333331,112,7,51,4,70,51,45,0.417,10
천성호,1963-01-07T00:00:00Z,1986,1986,1,5,0,0,0,1,0,0,30,6.333333333333333,7,1,3,0,2,5,5,0,1
차동철,1963-01-27T00:00:00Z,1986,1997,12,323,15,7,46,46,27,0,3455,818.6666666666666,880,47,216,42,265,390,337,0.5,1
김건우,1963-08-30T00:00:00Z,1986,1997,6,94,15,3,36,19,3,0,1997,485.33333333333337,443,18,151,20,197,173,147,0.655,8
김태원,1964-01-28T00:00:00Z,1986,1998,12,273,36,10,85,77,5,0,5828,1399.6666666666667,1231,83,474,60,819,588,533,0.525,1
손문곤,1965-01-29T00:00:00Z,1986,1992,6,93,4,1,5,16,1,0,1266,280,327,23,135,12,99,202,183,0.238,1
박형열,1967-11-13T00:00:00Z,1986,1991,4,42,1,1,3,5,1,0,460,106,96,5,59,3,40,53,48,0.375,11
김강익,1961-12-05T00:00:00Z,1987,1989,3,22,0,0,0,3,0,0,249,58,63,11,24,1,10,33,31,0,12
이척기,1962-05-25T00:00:00Z,1987,1990,4,18,0,0,2,0,0,0,39,8.999999999999334,11,0,4,0,3,5,4,1,5
이동수,1962-08-05T00:00:00Z,1987,1988,2,9,0,0,1,1,0,0,103,21,32,3,9,2,7,25,23,0.5,8
김경남,1963-01-07T00:00:00Z,1987,1987,1,2,0,0,0,0,0,0,23,5,9,1,0,0,2,4,4,0,1
김대중,1963-03-16T00:00:00Z,1987,1992,6,135,8,1,35,30,4,0,2356,553.3333333333334,524,44,191,54,236,280,235,0.538,3
이상훈,1963-10-22T00:00:00Z,1987,1992,5,67,1,1,4,5,0,0,713,162.33333333333334,164,18,80,7,62,98,92,0.444,10
이동석,1964-01-11T00:00:00Z,1987,1993,7,123,3,1,12,16,7,0,1521,343.3333333333333,378,37,143,24,130,217,191,0.429,1
최진영,1964-03-04T00:00:00Z,1987,1988,2,2,0,0,0,1,0,0,22,4.666666666666666,7,0,3,0,1,3,2,0,3
장태수,1964-03-15T00:00:00Z,1987,1990,4,65,0,0,2,6,2,0,642,142.66666666666666,172,12,64,7,33,96,89,0.25,3
김종석,1964-07-15T00:00:00Z,1987,1993,6,96,4,2,6,23,1,0,1175,265,304,23,120,10,108,151,138,0.207,7
송유석,1966-07-16T00:00:00Z,1987,2001,15,467,3,0,62,50,36,2,5004,1159.6666666666667,1169,90,461,104,577,563,495,0.554,7
최창호,1966-11-08T00:00:00Z,1987,2002,16,510,37,6,77,94,15,13,6291,1490.6666666666667,1314,128,663,29,1048,687,606,0.45,11
이상구,1963-02-27T00:00:00Z,1988,1991,4,63,0,0,4,10,2,0,613,142,130,5,84,4,81,102,90,0.286,2
장정순,1964-08-01T00:00:00Z,1988,1997,9,176,10,1,37,32,16,0,2659,635.3333333333334,576,57,244,23,394,278,241,0.536,8
정윤수,1964-12-17T00:00:00Z,1988,1993,6,116,0,0,10,11,8,0,1279,282,336,23,144,13,145,184,162,0.476,12
구명근,1965-02-21T00:00:00Z,1988,1989,2,12,0,0,1,1,0,0,143,30.333333333333332,41,2,13,2,18,29,23,0.5,2
문병권,1965-04-04T00:00:00Z,1988,1993,6,147,13,2,25,31,3,0,2318,529.6666666666666,575,33,190,55,201,290,262,0.446,4
안성수,1965-05-20T00:00:00Z,1988,1988,1,1,0,0,0,1,0,0,13,2,5,0,2,0,0,3,3,0,5
한용덕,1965-06-02T00:00:00Z,1988,2004,17,482,60,16,120,118,24,11,8601,2080,1933,206,506,119,1341,914,819,0.504,6
박상범,1965-07-07T00:00:00Z,1988,1994,6,48,3,0,3,9,1,0,650,144.66666666666666,172,16,60,7,75,100,95,0.25,7
홍성연,1965-07-18T00:00:00Z,1988,1991,4,71,2,0,7,9,7,0,966,219.33333333333334,241,23,79,11,83,143,135,0.438,7
이국성,1965-12-28T00:00:00Z,1988,1995,8,187,6,1,17,31,5,0,2126,490.6666666666667,492,43,213,16,253,258,238,0.354,12
신완근,1966-02-14T00:00:00Z,1988,1993,6,112,2,0,5,16,3,0,1466,341.6666666666667,363,27,123,13,145,182,163,0.238,2
이용철,1966-10-06T00:00:00Z,1988,1994,7,109,7,0,20,28,0,0,1838,414.33333333333337,455,32,166,38,143,250,205,0.417,10
박정현,1969-07-10T00:00:00Z,1988,2000,12,253,48,7,65,54,21,0,4629,1090.6666666666667,1026,67,429,65,460,472,418,0.546,7
서정용,1969-09-05T00:00:00Z,1988,1991,4,51,7,0,9,11,1,0,821,198,182,11,73,7,62,89,72,0.45,9
하창우,1969-10-24T00:00:00Z,1988,1994,7,30,1,0,1,5,1,0,338,75.66666666666666,72,5,48,5,43,59,58,0.167,10
지성규,1969-11-15T00:00:00Z,1988,1990,3,17,0,0,0,1,0,0,115,23.666666666666,28,2,12,0,6,16,12,0,11
정명진,1961-11-13T00:00:00Z,1989,1992,4,34,0,0,0,9,1,0,335,71.66666666666666,98,10,32,7,38,66,63,0,11
김진규,1962-06-30T00:00:00Z,1989,1992,4,105,5,0,9,19,4,0,1340,305,276,24,190,13,177,152,139,0.321,6
이재홍,1963-09-24T00:00:00Z,1989,1993,4,87,0,0,7,17,2,0,1045,236.66666666666666,258,36,87,17,103,167,149,0.292,9
김덕근,1964-03-01T00:00:00Z,1989,1992,4,43,0,0,3,5,0,0,593,134.66666666666666,125,7,80,9,74,83,70,0.375,3
조계현,1964-05-01T00:00:00Z,1989,2001,13,320,64,19,126,92,17,0,7502,1823.3333333333333,1572,113,605,79,1100,736,642,0.578,5
이광우,1965-03-14T00:00:00Z,1989,2002,14,318,9,5,66,65,15,0,4634,1090,1209,118,275,56,504,586,540,0.504,3
허정욱,1965-08-04T00:00:00Z,1989,1991,3,41,2,0,10,12,0,0,596,136,124,12,84,3,70,78,64,0.455,8
유명선,1965-09-03T00:00:00Z,1989,1996,8,165,18,3,52,38,12,0,3214,743.6666666666666,676,73,411,20,447,377,342,0.578,9
노민승,1965-11-20T00:00:00Z,1989,1989,1,5,0,0,0,0,0,0,43,9.333333333333334,12,2,4,0,3,8,8,0,11
김기범,1965-12-13T00:00:00Z,1989,1999,11,391,18,4,62,61,8,0,4471,1055.6666666666667,982,67,418,44,615,478,413,0.504,12
송진우,1966-02-16T00:00:00Z,1989,2009,21,672,64,11,210,153,103,17,12708,3003,2718,272,1155,117,2048,1341,1170,0.579,2
윤동배,1966-03-03T00:00:00Z,1989,1996,7,76,3,0,8,9,0,0,912,194.66666666666669,219,11,128,12,75,147,129,0.471,3
이강철,1966-05-24T00:00:00Z,1989,2005,16,602,65,18,152,112,53,33,9136,2204.6666666666665,1771,218,797,189,1749,889,806,0.576,5
정명원,1966-06-14T00:00:00Z,1989,2000,12,395,11,6,75,54,142,0,4441,1093.6666666666667,933,51,330,35,634,390,311,0.581,6
김청수,1966-08-06T00:00:00Z,1989,1994,6,120,22,3,31,38,8,0,2321,566.6666666666663,521,52,139,28,262,259,245,0.449,8
서호진,1966-08-25T00:00:00Z,1989,1993,4,104,1,0,11,18,14,0,1146,272.3333333333333,270,21,96,16,96,134,121,0.379,8
이진,1966-09-15T00:00:00Z,1989,1993,4,82,0,0,10,10,2,0,856,184.33333333333334,168,11,151,12,131,125,106,0.5,9
김동현,1966-10-12T00:00:00Z,1989,1993,5,116,7,2,21,22,9,0,1597,380.3333333333333,355,32,127,23,175,185,168,0.488,10
김락기,1966-10-28T00:00:00Z,1989,1993,5,70,1,0,14,9,3,0,965,225.66666666666666,218,25,99,12,94,114,104,0.609,10
한명수,1966-11-13T00:00:00Z,1989,1990,2,8,0,0,2,0,0,0,92,22.666666666666668,17,0,11,2,1,6,4,1,11
구동우,1966-12-27T00:00:00Z,1989,1994,6,146,10,2,17,30,10,0,1875,439,441,38,160,27,182,218,203,0.362,12
조진구,1969-02-10T00:00:00Z,1989,1989,1,10,0,0,0,1,0,0,74,18.666666666666668,19,2,6,2,6,9,9,0,2
강규성,1969-03-25T00:00:00Z,1989,1994,3,16,0,0,1,3,0,0,256,59.333333333333336,52,4,43,0,25,31,30,0.25,3
김형균,1969-05-14T00:00:00Z,1989,1991,3,27,0,0,2,1,0,0,322,76.66666666666667,72,11,30,2,33,37,37,0.667,5
정종헌,1969-07-12T00:00:00Z,1989,1989,1,1,0,0,0,0,0,0,11,2,4,2,1,0,0,4,4,0,7
이주헌,1969-11-17T00:00:00Z,1989,1989,1,3,0,0,0,1,0,0,34,6,11,2,4,1,4,10,9,0,11
손창현,1970-01-01T00:00:00Z,1989,1989,1,1,0,0,0,0,0,0,14,2.6666666666666665,5,0,1,0,1,3,2,0,1
이상번,1970-03-05T00:00:00Z,1989,1997,8,135,1,0,9,13,1,0,1417,327.6666666666667,296,34,174,16,150,176,164,0.409,3
박정은,1970-04-15T00:00:00Z,1989,1989,1,2,0,0,0,0,0,0,8,2,2,0,0,0,1,1,0,0,4
박용준,1970-06-17T00:00:00Z,1989,1994,6,102,3,0,7,16,4,0,1187,263,294,23,137,7,101,153,130,0.304,6
유창균,1970-10-23T00:00:00Z,1989,1989,1,1,0,0,0,0,0,0,12,2,6,1,0,0,1,3,3,0,10
이은승,1971-02-12T00:00:00Z,1989,1997,9,40,0,0,0,2,1,0,348,72.33333333333233,96,8,33,7,50,62,50,0,2
홍길남,1971-02-24T00:00:00Z,1989,1997,8,54,0,0,1,7,1,0,495,107.66666666666666,114,10,66,6,62,81,77,0.125,2
강태원,1971-05-15T00:00:00Z,1989,2001,13,355,3,0,16,24,6,6,2347,547.3333333333334,563,66,181,36,347,303,267,0.4,5
정동해,1971-10-28T00:00:00Z,1989,1989,1,2,0,0,0,1,0,0,4,0,0,0,4,0,0,3,2,0,10
이효봉,1963-01-26T00:00:00Z,1990,1990,1,7,0,0,0,0,0,0,55,10.666666666666666,14,2,9,1,5,10,5,0,1
김보선,1966-03-15T00:00:00Z,1990,1992,3,37,0,0,4,9,2,0,564,122.66666666666667,142,9,75,4,49,82,76,0.308,3
김창기,1966-07-25T00:00:00Z,1990,1990,1,1,0,0,0,0,0,0,2,0,0,0,2,0,0,0,0,0,7
이태일,1967-04-09T00:00:00Z,1990,1996,6,129,13,6,48,39,4,0,2674,637,622,47,185,35,230,298,270,0.552,4
최현준,1967-05-03T00:00:00Z,1990,1992,3,17,0,0,1,3,0,0,129,30,39,2,4,6,6,21,20,0.25,5
김도형,1967-07-28T00:00:00Z,1990,1991,2,15,0,0,1,2,1,0,150,33,41,5,9,1,14,23,20,0.333,7
박동희,1968-01-04T00:00:00Z,1990,2001,12,251,26,7,59,50,58,0,3768,882.3333333333334,769,55,457,27,665,405,360,0.541,1
김력,1968-02-28T00:00:00Z,1990,1993,3,8,0,0,0,1,0,0,82,18.666666666666334,18,0,7,0,5,6,5,0,2
김종철,1968-07-18T00:00:00Z,1990,1993,4,34,0,0,3,0,0,0,331,72.33333333333333,82,10,30,11,29,38,34,1,7
원근호,1968-11-13T00:00:00Z,1990,1990,1,4,0,0,0,0,0,0,14,3.6666666666666665,4,0,1,0,0,1,1,0,11
조정수,1969-05-02T00:00:00Z,1990,1991,2,13,0,0,0,1,0,0,158,32.66666666666667,32,3,20,3,10,19,18,0,5
강민기,1970-08-27T00:00:00Z,1990,1990,1,9,0,0,0,1,0,0,72,14.333333333333334,21,5,12,0,5,15,13,0,8
조영상,1970-10-26T00:00:00Z,1990,1993,4,52,0,0,4,7,0,0,571,116.33333333333333,136,18,72,18,75,99,90,0.364,10
이상훈,1971-03-21T00:00:00Z,1990,2004,15,339,0,0,23,33,12,9,3471,775.3333333333334,870,82,320,54,453,486,450,0.411,3
최향남,1971-03-28T00:00:00Z,1990,2013,15,293,5,2,54,70,24,14,4256,996.3333333333334,915,97,379,72,745,496,448,0.435,3
손병희,1971-04-20T00:00:00Z,1990,1991,2,18,0,0,0,0,0,0,251,58,56,5,36,2,22,22,21,0,4
이상목,1971-04-25T00:00:00Z,1990,2008,17,439,18,6,100,122,27,7,7775,1830.6666666666667,1952,206,407,72,1231,974,874,0.45,4
강대성,1971-05-09T00:00:00Z,1990,1995,4,11,0,0,0,0,0,0,81,17.333333333333332,23,2,6,2,4,14,14,0,5
서정필,1971-08-05T00:00:00Z,1990,1990,1,3,0,0,0,0,0,0,16,3.3333333333333335,1,0,3,1,0,3,3,0,8
권영구,1971-08-20T00:00:00Z,1990,1990,1,6,0,0,0,1,0,0,28,5,11,0,0,1,3,8,4,0,8
최태영,1971-08-30T00:00:00Z,1990,1990,1,1,0,0,0,0,0,0,16,3,5,1,2,0,1,4,4,0,8
노병오,1983-09-07T00:00:00Z,1990,2007,6,57,0,0,4,2,0,2,446,104,111,16,30,4,61,69,65,0.667,9
정인조,1964-11-23T00:00:00Z,1991,1991,1,2,0,0,0,0,0,0,22,4.333333333333333,10,5,1,0,3,7,7,0,11
김기완,1966-06-04T00:00:00Z,1991,1991,1,9,0,0,0,0,0,0,87,18.666666666666668,18,2,12,0,6,9,8,0,6
김태석,1967-02-12T00:00:00Z,1991,2002,11,250,9,1,35,47,3,1,3198,735,799,80,243,55,328,420,378,0.427,2
구대진,1967-06-02T00:00:00Z,1991,1991,1,7,0,0,0,1,0,0,50,12.666666666666666,9,1,6,0,0,4,4,0,6
이용호,1967-08-28T00:00:00Z,1991,1991,1,1,0,0,0,0,0,0,4,1,1,0,1,0,0,1,1,0,8
조규제,1967-10-07T00:00:00Z,1991,2005,15,508,0,0,54,64,153,18,3691,894.3333333333334,709,80,344,46,838,329,305,0.458,10
박진석,1968-01-08T00:00:00Z,1991,2000,9,171,7,0,23,35,7,0,2560,575.6666666666666,665,67,220,33,284,338,307,0.397,1
최우석,1968-01-15T00:00:00Z,1991,1991,1,2,0,0,0,0,0,0,15,3,4,0,2,0,1,2,1,0,1
권영일,1968-01-16T00:00:00Z,1991,1992,2,8,0,0,0,3,0,0,109,23.666666666666664,25,0,18,1,8,15,15,0,1
권영진,1968-03-15T00:00:00Z,1991,1996,3,5,0,0,0,0,0,0,28,6,7,0,3,1,3,3,3,0,3
김기덕,1968-06-04T00:00:00Z,1991,2002,12,325,7,2,56,68,23,1,4467,1048,1105,121,268,89,583,537,479,0.452,6
김기덕,1968-07-02T00:00:00Z,1991,1996,4,36,1,0,2,6,0,0,466,99.33333333333334,128,14,46,7,57,80,73,0.25,7
오희주,1968-07-02T00:00:00Z,1991,1995,4,33,1,1,3,4,2,0,425,98,89,8,49,7,64,46,41,0.429,7
전일수,1968-07-02T00:00:00Z,1991,1994,3,37,0,0,3,1,0,0,267,62,60,4,28,4,30,27,22,0.75,7
김익재,1968-07-23T00:00:00Z,1991,1999,9,205,0,0,1,10,5,0,1003,219,231,9,134,20,156,127,112,0.091,7
김동수,1968-08-04T00:00:00Z,1991,1991,1,20,0,0,1,0,0,0,139,31,30,6,20,0,14,21,18,1,8
이승배,1968-08-15T00:00:00Z,1991,1991,1,2,0,0,0,1,0,0,41,9,11,0,3,0,5,4,4,0,8
강길용,1968-10-14T00:00:00Z,1991,1999,9,237,10,1,26,52,15,0,3167,720.3333333333334,696,72,352,52,382,430,380,0.333,10
이석구,1968-11-20T00:00:00Z,1991,1991,1,3,0,0,0,0,0,0,12,2,5,1,2,0,0,4,4,0,11
김기열,1968-11-23T00:00:00Z,1991,1991,1,7,0,0,0,2,0,0,33,5.333333333333333,16,1,2,0,1,12,12,0,11
김인권,1968-12-28T00:00:00Z,1991,1993,3,67,3,0,13,3,4,0,1064,239,255,22,103,26,69,126,108,0.812,12
박성기,1969-01-20T00:00:00Z,1991,1999,9,220,16,4,51,59,2,0,3924,892.6666666666666,846,96,456,45,564,489,438,0.464,1
오종우,1969-02-07T00:00:00Z,1991,1992,2,6,0,0,0,0,0,0,76,5.666666666666,14,1,15,1,2,13,10,0,2
김상진,1970-03-15T00:00:00Z,1991,2003,13,359,50,17,122,100,14,5,7497,1787.6666666666667,1656,127,596,83,1237,814,704,0.55,3
김민태,1970-03-23T00:00:00Z,1991,1998,8,139,0,0,1,11,0,0,1358,301,333,37,134,20,193,199,181,0.083,3
배현우,1970-11-02T00:00:00Z,1991,1991,1,3,0,0,1,1,0,0,36,7.666666666666667,7,0,5,2,7,2,2,0.5,11
전태건,1971-02-06T00:00:00Z,1991,1991,1,3,0,0,0,0,1,0,52,13,10,2,3,1,5,5,4,0,2
가내영,1971-03-29T00:00:00Z,1991,2003,13,291,9,1,34,43,15,1,3530,818,869,95,251,47,471,469,428,0.442,3
이병석,1971-05-17T00:00:00Z,1991,2003,10,235,0,0,18,21,12,3,1937,446.66666666666663,459,58,157,32,302,240,217,0.462,5
박종철,1971-10-12T00:00:00Z,1991,1995,4,27,0,0,0,0,0,0,191,44.66666666666667,47,7,15,5,13,28,25,0,10
최한림,1971-11-15T00:00:00Z,1991,1997,7,163,4,2,13,33,2,0,1993,454.3333333333333,461,47,214,35,234,268,241,0.283,11
이상범,1972-02-03T00:00:00Z,1991,1992,2,5,0,0,0,0,0,0,29,5.333333333333334,4,0,5,4,1,5,5,0,2
신상윤,1972-03-22T00:00:00Z,1991,1997,7,33,0,0,0,2,1,0,239,50.33333333333333,60,3,31,0,24,39,32,0,3
김태형,1972-04-25T00:00:00Z,1991,1996,6,161,7,0,21,22,5,0,1639,379,394,31,144,17,199,200,189,0.488,4
강병규,1972-05-20T00:00:00Z,1991,2000,10,247,15,1,56,63,4,0,4236,978.3333333333334,1036,81,334,66,499,502,451,0.471,5
김승남,1972-06-28T00:00:00Z,1991,1997,5,84,0,0,1,4,3,0,805,177,203,20,91,14,94,114,102,0.2,6
김원형,1972-07-05T00:00:00Z,1991,2010,20,545,29,7,134,144,26,12,9303,2171,2179,225,745,136,1246,1096,946,0.482,7
손영철,1972-12-27T00:00:00Z,1991,1996,5,45,0,0,2,5,0,0,511,110,114,8,74,8,67,80,73,0.286,12
김성식,1975-05-23T00:00:00Z,1991,1993,3,34,0,0,0,1,2,0,328,68.66666666666667,93,5,38,4,25,56,51,0,5
김만조,1966-10-12T00:00:00Z,1992,1993,2,2,0,0,0,0,0,0,16,3.3333333333333335,3,1,3,0,0,2,2,0,10
황태호,1967-04-11T00:00:00Z,1992,1992,1,1,0,0,0,0,0,0,4,0.333333333333,3,0,0,0,0,3,3,0,4
김석기,1967-10-07T00:00:00Z,1992,1997,6,128,4,1,15,36,4,0,1989,449.3333333333333,470,42,214,22,200,260,230,0.294,10
김상현,1968-04-28T00:00:00Z,1992,1997,6,165,12,2,29,31,19,0,2038,478.6666666666667,486,42,171,13,245,211,193,0.483,4
오봉옥,1968-07-08T00:00:00Z,1992,2006,15,488,9,4,63,68,56,15,5013,1146.6666666666667,1158,100,511,53,754,574,508,0.481,7
신현대,1969-01-29T00:00:00Z,1992,1992,1,5,0,0,0,0,0,0,60,11,18,4,8,1,5,12,11,0,1
임창식,1969-03-07T00:00:00Z,1992,1999,6,118,0,0,8,13,2,0,1094,252.33333333333334,234,24,124,28,104,141,123,0.381,3
배숙현,1969-03-30T00:00:00Z,1992,1992,1,2,0,0,0,0,0,0,19,3,7,2,3,0,0,7,7,0,3
윤형배,1969-04-20T00:00:00Z,1992,1999,8,163,13,4,29,27,7,0,2194,510,544,31,177,18,169,254,231,0.518,4
차명석,1969-04-20T00:00:00Z,1992,2001,10,365,3,0,38,37,19,11,3027,710.3333333333334,743,61,208,41,387,342,317,0.507,4
이요섭,1969-05-02T00:00:00Z,1992,1992,1,2,0,0,0,0,0,0,21,4,6,0,4,0,0,3,3,0,5
김유진,1969-06-25T00:00:00Z,1992,1999,4,38,0,0,0,3,0,0,296,69.66666666666667,76,5,18,3,37,36,30,0,6
민원기,1969-07-05T00:00:00Z,1992,1998,7,166,0,0,3,4,3,0,847,193.66666666666666,197,19,89,10,93,101,89,0.429,7
이상현,1969-07-15T00:00:00Z,1992,1993,2,8,0,0,0,1,0,0,73,14,18,2,15,2,5,12,10,0,7
지연규,1969-08-15T00:00:00Z,1992,2006,11,132,0,0,10,22,23,4,1325,299,331,27,126,21,144,182,162,0.312,8
가득염,1969-10-01T00:00:00Z,1992,2010,19,800,2,0,36,49,11,78,3799,882,864,79,355,51,574,494,448,0.424,10
김태한,1969-10-22T00:00:00Z,1992,2003,10,318,14,4,44,46,55,10,3247,765,667,54,375,29,538,349,299,0.489,10
권명철,1969-10-28T00:00:00Z,1992,2004,11,247,14,5,45,45,1,4,3323,780,736,63,293,46,482,386,341,0.5,10
박철수,1969-11-16T00:00:00Z,1992,1992,1,7,0,0,0,1,0,0,46,10,7,0,10,1,8,5,5,0,11
정민태,1970-03-01T00:00:00Z,1992,2008,15,290,42,9,124,96,3,0,7606,1831,1779,158,491,39,1278,813,707,0.564,3
김성준,1971-06-21T00:00:00Z,1992,1992,1,1,0,0,0,0,0,0,6,1,1,0,1,0,0,1,0,0,6
노석기,1971-08-04T00:00:00Z,1992,1992,1,3,0,0,0,0,0,0,29,5.666666666666667,5,0,8,0,2,5,5,0,8
문귀석,1971-09-14T00:00:00Z,1992,1992,1,8,0,0,0,1,0,0,63,13.666666666666666,18,3,7,0,7,8,7,0,9
김형택,1971-10-11T00:00:00Z,1992,1992,1,8,0,0,0,0,1,0,58,14,16,3,1,0,2,7,7,0,10
조중석,1972-03-02T00:00:00Z,1992,1992,1,3,0,0,0,0,0,0,33,7.666666666666667,4,1,7,0,2,4,3,0,3
정민철,1972-03-28T00:00:00Z,1992,2009,16,393,60,20,161,128,10,0,9932,2394.6666666666665,2194,215,655,93,1661,1030,935,0.557,3
김흥만,1972-06-10T00:00:00Z,1992,1992,1,3,0,0,0,1,0,0,47,9.333333333333334,15,4,5,0,6,13,11,0,6
나성열,1972-09-09T00:00:00Z,1992,1998,7,48,3,0,2,4,0,0,394,90.99999999999933,93,4,37,3,40,37,29,0.333,9
임규대,1972-11-02T00:00:00Z,1992,1994,2,9,0,0,0,1,0,0,80,14,25,2,13,0,5,15,12,0,11
김봉영,1973-02-25T00:00:00Z,1992,1997,5,45,0,0,3,1,0,0,403,86.33333333333334,124,13,29,7,38,75,69,0.75,2
염종석,1973-03-20T00:00:00Z,1992,2008,16,356,31,6,93,133,14,3,7547,1791.3333333333333,1819,125,476,100,1016,846,748,0.412,3
양승철,1973-04-04T00:00:00Z,1992,1994,3,50,0,0,4,2,2,0,505,114.33333333333333,143,17,28,7,47,76,67,0.667,4
안병원,1973-10-03T00:00:00Z,1992,2003,12,224,20,3,46,67,4,0,4262,973.666666666666,1023,95,377,54,592,557,496,0.407,10
노춘섭,1968-08-05T00:00:00Z,1993,1995,3,18,0,0,0,0,0,0,155,35.666666666666664,37,7,17,1,10,27,27,0,8
구대성,1969-08-02T00:00:00Z,1993,2010,13,569,9,0,67,71,214,18,4601,1128.6666666666667,855,87,415,57,1221,412,357,0.486,8
김정훈,1970-04-06T00:00:00Z,1993,1994,2,15,0,0,1,1,0,0,183,38,51,6,25,1,13,32,27,0.5,4
이용호,1970-05-06T00:00:00Z,1993,2002,7,95,0,0,8,8,11,1,835,197.66666666666669,161,17,104,4,121,84,73,0.5,5
박상근,1970-07-05T00:00:00Z,1993,2001,7,119,0,0,2,9,1,0,1104,243,235,24,166,13,158,159,142,0.182,7
김현욱,1970-07-06T00:00:00Z,1993,2004,10,519,0,0,71,31,22,54,3594,883.3333333333334,769,62,234,59,736,325,293,0.696,7
이재만,1970-07-14T00:00:00Z,1993,1999,6,89,0,0,1,5,3,0,620,146.333333333333,144,22,49,7,69,81,77,0.167,7
박충식,1970-09-03T00:00:00Z,1993,2002,9,241,33,7,77,44,30,13,3984,989.3333333333334,877,82,166,77,601,384,337,0.636,9
김홍집,1971-01-30T00:00:00Z,1993,2003,11,255,10,0,29,25,7,11,2191,505,486,37,224,23,383,254,229,0.537,1
성영재,1971-03-09T00:00:00Z,1993,2004,12,304,24,8,58,85,8,14,5064,1165.3333333333333,1203,129,430,102,707,597,549,0.406,3
이상훈,1971-03-11T00:00:00Z,1993,2004,8,308,25,8,71,40,98,1,3630,909.6666666666666,651,59,302,23,781,287,259,0.64,3
김경원,1971-08-18T00:00:00Z,1993,2001,9,303,0,0,36,36,80,6,2506,600,496,51,252,36,458,262,237,0.5,8
강봉수,1971-12-09T00:00:00Z,1993,1996,4,131,0,0,7,6,9,0,671,155.66666666666666,154,7,66,6,81,64,53,0.538,12
허삼영,1972-06-08T00:00:00Z,1993,1995,2,4,0,0,0,0,0,0,13,2.333333333333333,5,1,2,0,0,4,4,0,6
조용수,1973-06-25T00:00:00Z,1993,1993,1,2,0,0,0,0,0,0,21,5,6,1,1,1,1,4,4,0,6
곽재성,1973-07-24T00:00:00Z,1993,1993,1,2,0,0,0,0,0,0,3,0.333333333333,0,0,1,1,0,0,0,0,7
노승욱,1974-03-10T00:00:00Z,1993,2006,10,243,4,0,10,19,1,17,1925,441,504,44,109,57,238,230,213,0.345,3
양윤기,1974-05-22T00:00:00Z,1993,1996,2,3,0,0,0,0,0,0,22,4.666666666666666,2,0,3,0,8,3,0,0,5
노장진,1974-08-10T00:00:00Z,1993,2006,11,406,5,1,74,70,89,9,5006,1132.6666666666667,1057,125,651,43,983,585,547,0.514,8
고성범,1974-09-13T00:00:00Z,1993,1995,3,11,0,0,0,0,0,0,59,14.999999999999334,13,3,6,0,9,9,9,0,9
최한경,1974-11-20T00:00:00Z,1993,1996,4,88,0,0,14,13,9,0,1069,243.66666666666669,210,17,127,18,193,132,111,0.519,11
박진철,1975-02-28T00:00:00Z,1993,2002,8,135,0,0,12,23,1,1,1644,364.6666666666667,422,41,129,51,183,241,217,0.343,2
이우혁,1975-06-17T00:00:00Z,1993,1999,4,41,0,0,0,2,2,0,383,85.333333333333,97,12,29,12,48,59,55,0,6
방극천,1969-03-19T00:00:00Z,1994,1995,2,2,0,0,0,0,0,0,14,3.666666666666,0,0,3,0,1,1,1,0,3
박철홍,1970-03-16T00:00:00Z,1994,2001,6,108,4,1,16,16,5,0,1338,316.6666666666667,302,21,86,32,139,159,137,0.5,3
이승환,1971-03-20T00:00:00Z,1994,1994,1,6,0,0,0,0,0,0,56,12.666666666666666,19,0,4,0,5,8,7,0,3
한태균,1971-03-22T00:00:00Z,1994,2003,9,191,0,0,15,12,1,6,1625,366.3333333333333,414,24,128,32,189,198,177,0.556,3
최상덕,1971-03-31T00:00:00Z,1994,2009,15,278,21,7,75,65,5,4,5185,1200.3333333333333,1260,167,397,59,727,664,607,0.536,3
고형욱,1971-04-17T00:00:00Z,1994,1999,5,98,1,0,3,2,1,0,450,104.66666666666667,96,18,47,7,48,52,50,0.6,4
김성한,1971-04-17T00:00:00Z,1994,1997,4,48,0,0,3,3,1,0,391,87,97,12,40,3,47,58,52,0.5,4
감병훈,1971-05-25T00:00:00Z,1994,1999,6,30,0,0,0,2,1,0,135,24,34,6,29,2,14,39,38,0,5
최호원,1971-06-14T00:00:00Z,1994,1999,4,28,0,0,0,1,0,0,237,52.333333333333336,56,7,25,4,23,32,28,0,6
강상수,1971-06-22T00:00:00Z,1994,2006,13,450,11,4,52,73,75,12,4361,1010.6666666666666,1010,106,404,60,705,519,468,0.416,6
곽병찬,1971-07-15T00:00:00Z,1994,1996,3,11,0,0,0,0,0,0,97,18.666666666666,27,4,11,3,8,17,17,0,7
최재영,1971-08-05T00:00:00Z,1994,1994,1,6,0,0,0,0,0,0,31,8.333333333333334,6,0,1,0,1,2,2,0,8
인현배,1971-10-04T00:00:00Z,1994,2000,5,45,3,2,10,6,0,0,671,157,162,15,52,14,64,84,77,0.625,10
길배진,1971-10-19T00:00:00Z,1994,1994,1,8,0,0,0,0,0,0,81,15,28,4,6,3,1,25,19,0,10
나영철,1971-10-30T00:00:00Z,1994,1995,2,5,0,0,0,0,0,0,63,14,13,0,5,4,7,6,3,0,10
홍우태,1971-11-19T00:00:00Z,1994,2001,8,153,5,1,9,22,2,3,1537,345,385,35,149,16,217,220,194,0.29,11
박창현,1972-02-12T00:00:00Z,1994,1999,4,37,0,0,1,2,0,0,122,25.666666666666668,31,2,12,5,12,18,17,0.333,2
김민국,1972-05-27T00:00:00Z,1994,1997,4,66,0,0,3,3,1,0,603,125.33333333333333,163,11,59,24,73,97,90,0.5,5
김종국,1972-09-25T00:00:00Z,1994,1994,1,1,0,0,0,0,0,0,9,1.6666666666666665,3,1,1,0,1,3,3,0,9
곽채진,1973-03-01T00:00:00Z,1994,2003,10,218,0,0,23,25,15,1,2196,505.6666666666667,480,61,201,44,377,288,254,0.479,3
김민범,1973-06-07T00:00:00Z,1994,2007,10,234,0,0,1,2,1,7,542,120.66666666666667,128,7,48,8,96,74,64,0.333,6
박태웅,1974-01-16T00:00:00Z,1994,1994,1,5,0,0,0,0,0,0,39,9,11,0,2,0,0,6,3,0,1
강희석,1974-02-07T00:00:00Z,1994,2001,5,75,0,0,3,12,1,0,885,193.33333333333334,219,32,81,12,108,152,135,0.2,2
최승민,1974-03-21T00:00:00Z,1994,1999,5,53,0,0,1,3,1,0,431,98.33333333333333,105,9,33,9,44,58,51,0.25,3
마원성,1974-04-16T00:00:00Z,1994,1996,2,14,0,0,0,1,0,0,126,28,36,2,8,2,14,16,14,0,4
서정민,1974-06-08T00:00:00Z,1994,1994,1,10,0,0,0,1,0,0,97,17.666666666666668,22,1,23,0,14,25,24,0,6
박지철,1975-04-13T00:00:00Z,1994,2009,14,307,5,1,61,72,13,3,4870,1117.6666666666667,1098,100,513,60,719,583,524,0.459,4
문창환,1975-07-09T00:00:00Z,1994,2001,3,37,0,0,0,0,0,0,287,68,66,2,29,0,32,31,28,0,7
윤민철,1975-07-25T00:00:00Z,1994,1994,1,4,0,0,1,0,0,0,27,5.666666666666667,7,0,5,0,2,2,2,1,7
조문식,1975-09-29T00:00:00Z,1994,2000,3,6,0,0,0,0,0,0,33,6.333333333333,11,3,3,0,3,8,8,0,9
주형광,1976-03-01T00:00:00Z,1994,2007,14,386,33,3,87,82,9,22,6332,1524.3333333333333,1448,178,426,50,1209,712,648,0.515,3
김경환,1970-07-11T00:00:00Z,1995,1995,1,9,0,0,1,1,0,0,77,18.333333333333332,19,2,6,0,16,12,12,0.5,7
조한철,1970-08-17T00:00:00Z,1995,1995,1,17,0,0,0,0,0,0,137,31.666666666666668,39,3,7,2,10,18,17,0,8
송재용,1972-03-14T00:00:00Z,1995,1995,1,17,0,0,3,3,1,0,266,61,59,1,33,0,40,40,33,0.5,3
안윤호,1972-03-23T00:00:00Z,1995,1995,1,1,0,0,0,0,0,0,3,0.666666666666,1,0,0,0,0,0,0,0,3
위재영,1972-05-21T00:00:00Z,1995,2006,12,350,5,1,68,64,71,15,4731,1122.6666666666667,1035,100,435,27,856,464,408,0.515,5
이원식,1972-06-15T00:00:00Z,1995,2005,9,149,1,1,23,23,2,1,2007,456.3333333333333,479,65,163,26,254,270,244,0.5,6
박성진,1972-07-09T00:00:00Z,1995,1997,3,16,0,0,0,0,0,0,86,20,22,3,2,3,13,8,7,0,7
박보현,1972-07-19T00:00:00Z,1995,2002,7,136,1,0,11,20,2,0,1401,321.6666666666667,335,40,126,8,150,200,181,0.355,7
박석진,1972-07-19T00:00:00Z,1995,2008,13,381,2,1,45,38,28,30,3251,761,780,56,182,95,422,373,324,0.542,7
공용우,1972-08-12T00:00:00Z,1995,1998,3,15,0,0,0,0,0,0,85,20.333333333333332,19,3,7,1,12,10,9,0,8
정의성,1972-08-30T00:00:00Z,1995,1995,1,21,0,0,0,1,0,0,140,31.333333333333332,40,4,9,0,13,27,24,0,8
신재웅,1972-10-10T00:00:00Z,1995,2002,8,133,3,3,24,37,2,0,2099,474.66666666666634,480,72,235,10,358,308,287,0.393,10
진필중,1972-10-13T00:00:00Z,1995,2006,12,510,9,4,75,70,191,2,4705,1119.3333333333333,1105,73,341,42,751,459,398,0.517,10
김진철,1972-12-15T00:00:00Z,1995,1997,3,37,1,0,1,1,0,0,388,88.66666666666667,85,12,37,12,56,41,39,0.5,12
전준호,1975-04-10T00:00:00Z,1995,2011,14,339,2,0,55,47,7,9,4643,1056.3333333333333,1094,111,425,63,633,564,528,0.539,4
김억만,1976-03-10T00:00:00Z,1995,1996,2,19,0,0,0,1,0,0,160,34,43,1,20,1,23,17,16,0,3
박부성,1976-05-10T00:00:00Z,1995,1997,3,60,0,0,8,8,3,0,626,146.33333333333334,152,13,52,6,67,75,69,0.5,5
장승익,1976-06-11T00:00:00Z,1995,1997,3,14,0,0,1,1,0,0,114,29,21,2,8,1,12,8,8,0.5,6
김유봉,1976-06-29T00:00:00Z,1995,2003,6,99,0,0,9,5,2,6,734,162,177,20,81,14,102,109,101,0.643,6
신성필,1976-08-17T00:00:00Z,1995,1996,2,41,0,0,1,6,2,0,457,100.66666666666667,99,9,55,7,58,68,62,0.143,8
장용,1977-02-25T00:00:00Z,1995,1995,1,1,0,0,0,0,0,0,5,1,2,1,1,0,1,2,2,0,2
노종우,1969-08-29T00:00:00Z,1996,1997,2,3,0,0,0,0,0,0,33,8,6,1,3,0,3,3,3,0,8
박철웅,1970-04-15T00:00:00Z,1996,1997,2,12,0,0,0,2,0,0,86,18,24,4,6,1,11,16,16,0,4
김도완,1971-10-27T00:00:00Z,1996,1996,1,10,0,0,1,4,0,0,196,41,43,3,29,5,24,33,21,0.2,10
최원호,1973-03-13T00:00:00Z,1996,2009,14,309,1,1,67,73,3,3,5303,1201.3333333333333,1243,131,550,90,694,666,619,0.479,3
김영복,1973-03-15T00:00:00Z,1996,1996,1,4,0,0,0,0,0,0,25,5,10,1,1,0,0,4,4,0,3
전병호,1973-03-23T00:00:00Z,1996,2008,12,431,3,1,72,55,5,17,4908,1122.6666666666667,1198,127,442,46,579,615,552,0.567,3
최재호,1973-03-27T00:00:00Z,1996,2000,4,123,1,1,13,12,9,0,1342,304,317,29,144,20,173,162,150,0.52,3
정영환,1973-04-10T00:00:00Z,1996,1998,3,9,0,0,0,0,0,0,44,10,12,1,5,0,3,6,6,0,4
최창양,1973-06-03T00:00:00Z,1996,2000,5,75,7,1,17,15,0,0,1422,315,315,17,182,15,200,181,161,0.531,6
박주언,1973-07-13T00:00:00Z,1996,2002,6,79,0,0,4,3,1,0,442,99.333333333333,99,6,58,7,56,62,57,0.571,7
손혁,1973-08-01T00:00:00Z,1996,2004,8,107,1,0,36,31,0,0,2152,508,505,61,171,32,276,253,230,0.537,8
차명주,1973-09-22T00:00:00Z,1996,2006,11,613,2,0,26,31,12,80,2730,612,644,48,291,23,390,359,307,0.456,9
최정환,1973-09-26T00:00:00Z,1996,1999,4,94,0,0,13,10,2,0,790,188.33333333333334,184,15,60,7,105,94,87,0.565,9
박태순,1974-02-08T00:00:00Z,1996,1999,4,17,0,0,1,3,0,0,215,42.666666666666664,66,10,24,3,35,46,43,0.25,2
신영균,1974-02-16T00:00:00Z,1996,2000,5,41,0,0,3,4,1,0,352,73,92,6,44,8,39,59,51,0.429,2
이용훈,1975-12-14T00:00:00Z,1996,1996,1,11,0,0,0,0,0,0,72,19,11,1,10,0,10,3,3,0,12
여준홍,1976-04-05T00:00:00Z,1996,1996,1,7,0,0,0,0,0,0,22,3.3333333333333335,5,2,8,0,2,7,7,0,4
김정훈,1976-05-05T00:00:00Z,1996,1996,1,5,0,0,0,0,0,0,53,10,16,0,8,1,4,11,11,0,5
장형석,1976-06-06T00:00:00Z,1996,1997,2,5,0,0,0,3,0,0,76,17.999999999999332,17,0,12,1,8,14,13,0,6
이재섭,1976-12-23T00:00:00Z,1996,1996,1,2,0,0,0,0,0,0,6,2,1,0,0,0,2,0,0,0,12
김상진,1977-03-09T00:00:00Z,1996,1998,3,84,3,0,24,26,2,0,1647,392.3333333333333,370,36,148,28,224,185,170,0.48,3
김기진,1977-07-04T00:00:00Z,1996,1996,1,4,0,0,0,0,0,0,35,7,8,0,5,2,2,6,6,0,7
한명윤,1977-09-06T00:00:00Z,1996,1998,3,50,0,0,1,0,0,0,118,27.333333333333332,25,0,18,2,14,14,13,1,9
문동환,1972-05-08T00:00:00Z,1997,2007,10,228,19,6,77,64,17,1,4743,1108.3333333333333,1124,89,395,37,659,526,466,0.546,5
김동호,1973-05-24T00:00:00Z,1997,2002,4,65,0,0,2,1,1,0,569,118.99999999999933,146,17,56,21,66,97,91,0.667,5
오철민,1973-05-28T00:00:00Z,1997,2005,9,241,0,0,16,31,2,9,2114,471,537,74,209,26,301,316,287,0.34,5
설종진,1973-06-16T00:00:00Z,1997,2000,3,5,0,0,0,0,0,0,16,3.333333333332,3,0,2,1,1,3,3,0,6
임선동,1973-08-04T00:00:00Z,1997,2006,10,130,6,2,52,36,1,0,2976,696.6666666666666,771,61,196,43,436,372,348,0.591,8
정수찬,1973-12-01T00:00:00Z,1997,2001,4,36,1,0,4,3,2,1,367,82.33333333333333,104,7,25,5,36,60,52,0.571,12
김환조,1974-02-10T00:00:00Z,1997,1997,1,12,0,0,0,1,0,0,98,21,31,1,2,5,12,12,9,0,2
임봉춘,1974-02-10T00:00:00Z,1997,2002,6,37,0,0,1,2,0,0,333,71.66666666666666,78,10,48,3,51,53,49,0.333,2
김상현,1974-04-08T00:00:00Z,1997,1998,2,21,0,0,0,2,0,0,229,50.33333333333333,69,9,13,2,26,38,35,0,4
신창수,1974-04-25T00:00:00Z,1997,1997,1,1,0,0,0,0,0,0,1,0.333333333333,0,0,0,0,0,0,0,0,4
이경필,1974-05-21T00:00:00Z,1997,2007,8,161,5,2,45,54,4,2,3095,714.6666666666666,725,39,279,56,389,355,303,0.455,5
오상민,1974-10-20T00:00:00Z,1997,2011,15,736,1,0,35,33,24,81,3385,783.6666666666666,802,117,257,43,563,410,381,0.515,10
전승남,1974-11-26T00:00:00Z,1997,2004,8,221,1,0,23,19,7,23,1924,452.33333333333337,469,43,113,28,276,204,188,0.548,11
장문석,1974-12-15T00:00:00Z,1997,2008,10,287,2,1,49,41,42,17,3344,766,767,60,331,47,537,365,345,0.544,12
김영수,1975-01-15T00:00:00Z,1997,2009,11,270,2,1,15,37,4,15,2295,496,513,62,313,21,361,329,291,0.288,1
변대수,1975-01-18T00:00:00Z,1997,1997,1,24,0,0,2,1,2,0,194,42.666666666666664,38,2,35,1,28,26,24,0.667,1
김해님,1975-02-07T00:00:00Z,1997,2007,8,247,0,0,21,23,5,10,2350,537.3333333333334,589,65,191,44,299,313,289,0.477,2
최용호,1976-04-30T00:00:00Z,1997,2004,8,154,1,0,27,21,3,0,2142,483,453,49,275,31,354,273,256,0.562,4
김민기,1977-05-19T00:00:00Z,1997,2009,11,307,0,0,33,39,14,32,2754,621.6666666666666,710,68,240,26,416,372,348,0.458,5
김형주,1977-08-11T00:00:00Z,1997,1997,1,1,0,0,0,0,0,0,6,1,2,0,2,0,0,1,1,0,8
정성훈,1977-12-09T00:00:00Z,1997,2007,8,213,1,1,9,15,7,22,1427,329.6666666666667,327,23,115,55,166,166,154,0.375,12
정인석,1978-10-05T00:00:00Z,1997,1999,3,6,0,0,0,0,0,0,29,5.333333333333333,8,0,4,2,3,4,4,0,10
곽현희,1973-08-06T00:00:00Z,1998,2004,7,117,2,0,22,19,5,2,1570,353.99999999999966,382,66,132,35,265,234,219,0.537,8
홍민구,1975-04-12T00:00:00Z,1998,2001,4,21,0,0,2,1,0,0,137,31,33,2,11,2,17,14,14,0.667,4
고호봉,1975-06-04T00:00:00Z,1998,1998,1,1,0,0,0,1,0,0,11,2,3,0,1,1,1,2,2,0,6
고승환,1975-06-07T00:00:00Z,1998,1998,1,1,0,0,0,0,0,0,10,1.3333333333333333,4,0,2,0,0,3,2,0,6
김경태,1975-11-06T00:00:00Z,1998,2009,10,206,0,0,7,7,2,17,866,187.33333333333266,218,26,87,19,101,126,109,0.5,11
엄병열,1976-01-12T00:00:00Z,1998,2001,4,25,0,0,0,2,0,0,144,31,33,7,18,1,14,26,25,0,1
김경진,1976-03-13T00:00:00Z,1998,1999,2,21,0,0,0,0,0,0,156,35,39,5,10,13,17,24,24,0,3
이경원,1977-06-23T00:00:00Z,1998,2005,4,38,0,0,1,0,0,2,76,12.666666666666334,25,3,13,1,7,15,15,1,6
홍의현,1978-03-12T00:00:00Z,1998,1998,1,12,0,0,0,0,0,0,80,20,15,1,5,7,7,10,8,0,3
류기중,1978-09-19T00:00:00Z,1998,1999,2,10,0,0,0,1,0,0,84,17,21,6,14,1,7,18,17,0,9
소소경,1979-07-19T00:00:00Z,1998,2005,6,58,0,0,5,9,0,1,754,161.66666666666666,176,18,92,14,99,116,108,0.357,7
김수경,1979-08-20T00:00:00Z,1998,2012,15,346,6,2,112,98,3,0,7717,1769.3333333333333,1767,192,768,47,1370,923,844,0.533,8
김재현,1979-09-07T00:00:00Z,1998,2010,7,126,0,0,3,3,0,15,326,67.66666666666667,74,6,46,6,49,45,39,0.5,9
김정열,1979-12-03T00:00:00Z,1998,1999,2,7,0,0,0,0,0,0,41,8.333333333333332,5,0,9,2,6,4,3,0,12
김진웅,1980-02-20T00:00:00Z,1998,2005,8,234,6,3,60,54,18,4,4020,921.3333333333334,900,113,431,32,737,504,470,0.526,2
심재학,1972-10-18T00:00:00Z,1999,1999,1,15,0,0,3,3,0,0,219,48.333333333333336,48,5,34,2,32,37,34,0.5,10
이정길,1973-03-19T00:00:00Z,1999,1999,1,5,0,0,1,1,0,0,53,10.666666666666666,17,1,4,2,2,15,15,0.5,3
김혁섭,1974-05-05T00:00:00Z,1999,2001,2,25,0,0,1,2,0,0,193,42.666666666666664,40,2,25,3,25,24,23,0.333,5
박노식,1974-05-08T00:00:00Z,1999,1999,1,1,0,0,0,0,0,0,3,1,0,0,1,0,0,0,0,0,5
장성진,1975-04-07T00:00:00Z,1999,2002,4,134,0,0,3,2,1,9,659,154,170,14,41,12,81,70,62,0.6,4
김상태,1976-04-19T00:00:00Z,1999,2001,2,46,0,0,9,18,0,0,807,169.33333333333334,202,14,115,5,123,133,113,0.333,4
박장희,1976-04-23T00:00:00Z,1999,2002,4,123,0,0,19,15,5,1,1472,333,384,36,96,33,185,200,180,0.559,4
오창선,1976-06-02T00:00:00Z,1999,2000,2,7,0,0,0,0,1,0,67,14.333333333333334,20,5,4,1,8,14,14,0,6
정원욱,1976-06-17T00:00:00Z,1999,2002,4,71,0,0,5,4,4,1,472,112.33333333333333,115,18,41,4,96,65,63,0.556,6
윤근주,1976-06-30T00:00:00Z,1999,2001,3,17,0,0,0,2,0,0,143,31,34,4,20,2,11,29,29,0,6
이준호,1976-10-08T00:00:00Z,1999,2002,3,35,0,0,4,1,1,0,242,52.666666666666664,69,10,14,7,35,40,37,0.8,10
황두성,1976-11-16T00:00:00Z,1999,2009,11,243,0,0,36,33,19,16,2397,563.6666666666666,479,58,233,18,531,270,247,0.522,11
라형진,1977-02-05T00:00:00Z,1999,2005,6,159,0,0,7,9,3,7,1324,290,313,45,157,27,185,194,184,0.438,2
이동은,1977-02-07T00:00:00Z,1999,2001,3,51,0,0,0,1,0,1,202,40.666666666666664,62,10,20,1,29,40,39,0,2
문남열,1978-10-17T00:00:00Z,1999,2003,3,37,0,0,2,1,0,0,350,72.33333333333333,98,14,44,3,48,59,55,0.667,10
정명수,1979-01-12T00:00:00Z,1999,1999,1,1,0,0,0,0,0,0,7,1,3,1,1,0,0,4,4,0,1
이경수,1979-06-23T00:00:00Z,1999,2000,2,10,0,0,0,0,0,0,54,9.666666666666666,19,2,9,0,5,14,14,0,6
구자운,1980-06-19T00:00:00Z,1999,2010,8,214,0,0,31,32,55,13,2026,474.3333333333333,440,39,188,24,380,215,193,0.492,6
김장백,1975-09-23T00:00:00Z,2000,2003,4,49,0,0,2,9,2,0,564,119.66666666666667,156,12,53,15,83,90,80,0.182,9
전영삼,1975-11-19T00:00:00Z,2000,2000,1,2,0,0,0,0,0,0,16,3.6666666666666665,4,0,1,0,2,0,0,0,11
장재혁,1976-03-16T00:00:00Z,2000,2002,2,24,0,0,0,2,0,1,176,38.33333333333333,43,5,16,3,33,26,22,0,3
최영완,1976-05-03T00:00:00Z,2000,2002,3,38,0,0,2,1,0,3,153,29.333333333333332,34,3,24,5,27,27,23,0.667,5
박승민,1977-03-18T00:00:00Z,2000,2012,10,264,0,0,17,18,44,29,1086,262,208,18,89,30,216,97,91,0.486,3
김병준,1977-04-01T00:00:00Z,2000,2002,3,56,0,0,2,2,1,0,457,96.66666666666666,114,15,54,9,63,66,53,0.5,4
신철인,1977-05-22T00:00:00Z,2000,2009,9,335,0,0,22,20,23,48,2001,469,409,38,197,24,499,203,185,0.524,5
박찬협,1977-05-28T00:00:00Z,2000,2001,2,2,0,0,0,1,0,0,23,5.333333333333333,4,0,3,0,4,1,1,0,5
경헌호,1977-07-25T00:00:00Z,2000,2011,12,337,1,0,19,20,18,30,2235,519,515,48,186,28,394,260,232,0.487,7
윤형진,1977-09-13T00:00:00Z,2000,2007,7,87,0,0,7,14,1,3,944,204,244,28,86,19,143,155,138,0.333,9
정진용,1977-12-01T00:00:00Z,2000,2001,2,39,0,0,1,7,0,1,469,104.33333333333333,116,12,53,5,60,69,63,0.125,12
전하진,1979-02-11T00:00:00Z,2000,2000,1,7,0,0,0,0,0,0,54,11.666666666666666,14,2,5,1,8,8,7,0,2
박영진,1979-03-19T00:00:00Z,2000,2000,1,20,0,0,1,2,1,3,166,39.333333333333336,43,3,15,2,19,16,15,0.333,3
김성준,1979-06-20T00:00:00Z,2000,2000,1,2,0,0,0,0,0,0,17,3.3333333333333335,5,2,2,0,3,3,3,0,6
장준관,1981-04-14T00:00:00Z,2000,2007,6,67,0,0,3,2,0,3,381,80.33333333333333,96,9,45,10,50,52,44,0.6,4
강민영,1981-07-04T00:00:00Z,2000,2002,3,54,0,0,0,7,0,1,420,89.33333333333333,102,19,47,10,86,71,66,0,7
허진석,1981-07-19T00:00:00Z,2000,2003,3,19,0,0,0,0,0,0,112,23,26,8,17,4,8,21,20,0,7
조규수,1981-09-15T00:00:00Z,2000,2010,7,156,3,2,28,42,8,3,2603,583.6666666666666,633,88,261,32,388,364,341,0.4,9
배홍철,1982-02-24T00:00:00Z,2000,2000,1,7,0,0,0,0,0,0,64,12.666666666666666,16,1,6,5,6,10,8,0,2
박재형,1977-04-09T00:00:00Z,2001,2001,1,2,0,0,0,0,0,0,23,4.666666666666667,7,2,2,0,3,5,4,0,4
박효순,1977-04-27T00:00:00Z,2001,2001,1,1,0,0,0,0,0,0,4,0,3,0,1,0,0,4,3,0,4
이성수,1978-03-08T00:00:00Z,2001,2001,1,7,0,0,0,0,0,0,10,0.666666666666,3,0,5,0,0,2,1,0,3
고상천,1978-06-10T00:00:00Z,2001,2004,4,15,0,0,0,0,0,0,49,7.999999999999667,7,0,15,2,6,11,10,0,6
이근용,1978-06-16T00:00:00Z,2001,2001,1,2,0,0,0,0,0,0,13,3.6666666666666665,2,0,0,1,2,0,0,0,6
김덕용,1978-08-16T00:00:00Z,2001,2001,1,3,0,0,0,0,0,0,10,1.3333333333333333,3,0,2,0,3,6,1,0,8
지승민,1978-09-12T00:00:00Z,2001,2010,7,173,1,0,4,4,3,29,796,174.33333333333334,188,37,100,8,135,111,110,0.5,9
김장현,1978-10-16T00:00:00Z,2001,2004,4,124,1,0,12,32,1,1,1663,379,428,50,130,16,191,258,240,0.273,10
장인규,1978-10-31T00:00:00Z,2001,2006,3,4,0,0,0,0,0,0,13,2.6666666666656664,1,0,4,1,1,1,1,0,10
최경훈,1979-01-22T00:00:00Z,2001,2002,2,25,0,0,2,2,0,2,187,37.66666666666667,40,4,33,4,25,23,20,0.5,1
이대일,1980-08-01T00:00:00Z,2001,2002,2,3,0,0,0,0,0,0,20,4.333333333333334,6,0,2,0,1,2,2,0,8
김덕윤,1982-04-21T00:00:00Z,2001,2008,6,113,0,0,7,0,0,3,612,143.33333333333334,138,19,54,8,97,77,71,1,4
박정근,1982-04-23T00:00:00Z,2001,2006,3,16,0,0,0,0,1,0,108,23,17,3,22,2,10,14,14,0,4
박용진,1982-04-24T00:00:00Z,2001,2003,2,4,0,0,0,0,0,0,30,4.999999999999667,11,0,3,0,3,7,4,0,4
이정호,1982-04-27T00:00:00Z,2001,2010,6,35,0,0,1,0,1,1,226,46,50,6,39,7,35,33,31,1,4
김주철,1982-05-05T00:00:00Z,2001,2005,5,41,0,0,2,6,0,0,379,80.66666666666667,100,20,48,6,52,69,64,0.25,5
정원,1982-06-01T00:00:00Z,2001,2007,6,110,0,0,6,2,0,6,584,131,151,16,49,8,79,75,64,0.75,6
오승준,1982-08-06T00:00:00Z,2001,2004,3,23,0,0,1,2,0,0,168,35.333333333333336,30,6,30,3,20,29,25,0.333,8
김태구,1982-09-27T00:00:00Z,2001,2004,3,21,0,0,0,0,0,0,145,32.66666666666667,45,2,12,1,7,24,24,0,9
김백만,1982-10-12T00:00:00Z,2001,2009,6,78,1,0,4,7,0,5,666,151.33333333333334,169,28,45,8,106,102,96,0.364,10
신원주,1976-10-14T00:00:00Z,2002,2002,1,2,0,0,0,0,0,0,8,2,2,0,0,0,1,2,1,0,10
김풍철,1976-10-20T00:00:00Z,2002,2002,1,25,0,0,1,3,1,0,219,54,49,6,16,3,44,24,22,0.25,10
조용준,1979-03-17T00:00:00Z,2002,2009,5,234,0,0,23,17,116,5,1249,299,257,18,103,13,278,102,86,0.575,3
변인재,1979-06-11T00:00:00Z,2002,2003,2,31,0,0,0,3,1,1,214,49,54,6,15,5,22,33,27,0,6
최환인,1979-06-15T00:00:00Z,2002,2002,1,1,0,0,0,0,0,0,6,1.6666666666666665,1,1,0,0,0,1,1,0,6
서승화,1979-07-13T00:00:00Z,2002,2010,7,147,1,0,2,23,1,17,1226,259,283,30,166,24,194,192,180,0.08,7
강철민,1979-07-22T00:00:00Z,2002,2010,6,120,3,0,25,36,1,2,2128,476,502,60,223,37,286,277,257,0.41,7
권오원,1979-08-16T00:00:00Z,2002,2009,5,72,0,0,6,4,0,7,390,88.33333333333333,93,7,43,1,51,48,40,0.6,8
이명호,1981-02-10T00:00:00Z,2002,2003,2,32,0,0,0,0,0,1,92,19.666666666666664,21,2,13,2,12,9,9,0,2
이윤학,1982-02-25T00:00:00Z,2002,2008,2,6,0,0,0,0,0,0,27,5.333333333333334,4,0,6,1,4,4,4,0,2
김제빈,1982-03-31T00:00:00Z,2002,2002,1,17,0,0,0,0,1,2,101,22,25,2,14,2,10,18,16,0,3
유혜정,1982-06-20T00:00:00Z,2002,2004,3,11,0,0,0,2,0,0,101,21.666666666666664,24,6,13,1,17,18,17,0,6
조형식,1982-07-09T00:00:00Z,2002,2006,3,25,0,0,0,1,0,0,121,27,29,4,15,1,24,14,13,0,7
조진호,1975-08-16T00:00:00Z,2003,2009,3,34,0,0,5,9,0,1,532,118.66666666666667,153,14,33,4,39,83,79,0.357,8
이준,1977-07-17T00:00:00Z,2003,2003,1,1,0,0,0,0,0,0,7,1.6666666666666665,3,0,0,0,1,1,1,0,7
박만채,1978-08-02T00:00:00Z,2003,2006,4,32,0,0,3,1,1,0,307,69,83,7,23,7,44,37,32,0.75,8
임동규,1979-06-03T00:00:00Z,2003,2007,4,87,0,0,13,11,0,3,1170,270,281,38,90,14,136,138,124,0.542,6
김광우,1979-09-12T00:00:00Z,2003,2005,3,61,0,0,0,1,0,5,154,32.666666666666664,33,4,30,1,25,17,15,0,9
김문수,1979-09-30T00:00:00Z,2003,2008,4,22,0,0,1,1,0,0,103,21.666666666666,28,3,6,5,9,20,13,0.5,9
김주용,1980-01-17T00:00:00Z,2003,2003,1,3,0,0,0,0,0,0,33,6.333333333333333,9,0,3,1,2,5,5,0,1
신동민,1980-03-14T00:00:00Z,2003,2004,2,10,0,0,2,1,0,0,65,14,18,4,5,2,12,12,10,0.667,3
이석만,1980-05-08T00:00:00Z,2003,2005,2,8,0,0,0,0,0,0,40,9.666666666666668,8,0,4,1,8,4,4,0,5
문용민,1980-12-06T00:00:00Z,2003,2008,3,59,0,0,1,1,0,4,133,30.333333333332668,28,4,17,1,16,14,13,0.5,12
양성제,1980-12-16T00:00:00Z,2003,2004,2,52,0,0,1,7,0,6,482,104.66666666666666,133,12,38,10,47,71,58,0.125,12
김장준,1982-05-11T00:00:00Z,2003,2005,2,12,0,0,0,0,0,1,104,22,28,3,11,4,16,16,16,0,5
정병희,1983-05-25T00:00:00Z,2003,2006,4,103,0,0,7,10,2,12,681,149,170,25,66,15,116,106,101,0.412,5
신주영,1984-02-15T00:00:00Z,2003,2012,6,85,0,0,5,3,2,3,434,96.66666666666667,112,12,32,8,53,59,54,0.625,2
김휘곤,1984-07-28T00:00:00Z,2003,2008,2,2,0,0,0,1,0,0,19,4.333333333333,8,0,2,0,1,4,4,0,7
이경민,1984-07-31T00:00:00Z,2003,2003,1,1,0,0,0,0,0,0,3,1,0,0,0,0,0,0,0,0,7
고우석,1984-11-03T00:00:00Z,2003,2012,7,86,0,0,4,7,1,2,607,132.66666666666666,145,16,68,20,105,90,85,0.364,11
손용수,1979-06-16T00:00:00Z,2004,2004,1,1,0,0,0,0,0,0,8,2,0,0,2,1,0,0,0,0,6
이동현,1979-11-15T00:00:00Z,2004,2010,6,104,0,0,8,16,0,2,880,188.66666666666666,203,21,119,14,135,133,116,0.333,11
김수훈,1980-07-10T00:00:00Z,2004,2004,1,1,0,0,0,0,0,0,7,1,4,1,0,0,0,3,3,0,7
박강우,1980-07-19T00:00:00Z,2004,2004,1,1,0,0,0,0,0,0,6,1,2,0,1,1,0,1,1,0,7
윤경영,1980-08-12T00:00:00Z,2004,2010,3,10,0,0,0,1,0,0,72,13.666666666666666,20,2,11,2,8,18,18,0,8
이상화,1980-09-15T00:00:00Z,2004,2011,6,103,0,0,6,10,1,1,933,208.33333333333334,220,29,89,17,100,129,114,0.375,9
민경수,1981-05-19T00:00:00Z,2004,2010,5,148,0,0,0,4,0,21,289,64,69,3,34,3,49,32,30,0,5
김종민,1981-06-30T00:00:00Z,2004,2006,3,3,0,0,0,0,0,0,11,1.333333333333,6,2,1,0,0,5,4,0,6
송현우,1981-09-16T00:00:00Z,2004,2008,5,70,0,0,1,1,0,3,405,86,96,7,54,9,46,58,53,0.5,9
유영민,1982-03-01T00:00:00Z,2004,2004,1,2,0,0,0,0,0,0,8,2,2,0,0,0,1,2,2,0,3
박창근,1983-02-25T00:00:00Z,2004,2004,1,14,0,0,0,1,0,0,107,24.333333333333332,31,4,4,1,12,18,17,0,2
이경민,1985-03-07T00:00:00Z,2004,2005,2,3,0,0,0,0,0,0,31,7.666666666666666,7,1,4,0,5,3,3,0,3
정우람,1985-06-01T00:00:00Z,2004,2012,9,531,0,0,30,16,46,117,2039,498.3333333333333,371,32,204,21,445,170,155,0.652,6
이원희,1985-07-15T00:00:00Z,2004,2007,4,51,0,0,3,3,0,2,285,64,70,8,30,5,41,31,30,0.5,7
박권수,1985-08-12T00:00:00Z,2004,2004,1,1,0,0,0,0,0,0,2,0.666666666666,0,0,0,0,0,0,0,0,8
김무학,1985-09-04T00:00:00Z,2004,2004,1,1,0,0,0,0,0,0,10,2,3,0,1,1,0,2,2,0,9
조성민,1973-04-05T00:00:00Z,2005,2007,3,35,0,0,3,4,0,4,331,69,83,5,34,11,30,44,39,0.429,4
손기현,1981-03-03T00:00:00Z,2005,2005,1,4,0,0,0,0,0,0,14,3,2,1,1,2,3,2,2,0,3
최혁길,1981-03-25T00:00:00Z,2005,2005,1,4,0,0,0,0,0,0,19,3,7,0,3,0,5,7,7,0,3
이상현,1981-04-05T00:00:00Z,2005,2005,1,11,0,0,0,0,0,0,76,16.333333333333332,17,2,8,3,14,9,8,0,4
이상우,1981-08-13T00:00:00Z,2005,2005,1,1,0,0,0,0,0,0,4,0,3,1,0,1,0,3,3,0,8
서민욱,1982-01-09T00:00:00Z,2005,2007,3,26,0,0,0,1,1,1,130,31.333333333332668,29,2,10,1,19,10,10,0,1
홍성수,1982-02-05T00:00:00Z,2005,2005,1,1,0,0,0,0,0,0,1,0.333333333333,0,0,0,0,1,0,0,0,2
손상정,1982-04-07T00:00:00Z,2005,2005,1,6,0,0,0,0,0,0,25,6.333333333333333,5,0,2,0,2,2,2,0,4
오승환,1982-07-15T00:00:00Z,2005,2013,9,444,0,0,28,13,277,11,1932,510.3333333333333,298,32,120,9,625,102,96,0.683,7
차정민,1982-11-23T00:00:00Z,2005,2011,5,69,0,0,4,3,0,5,362,80.33333333333333,85,14,34,11,56,46,41,0.571,11
강관식,1984-04-12T00:00:00Z,2005,2005,1,1,0,0,0,0,0,0,1,0,1,0,0,0,0,0,0,0,4
최혁권,1985-01-16T00:00:00Z,2005,2005,1,3,0,0,0,0,0,0,12,2.3333333333333335,3,0,1,1,1,1,1,0,1
장찬,1985-06-12T00:00:00Z,2005,2006,2,10,0,0,1,0,0,0,51,12.333333333333334,11,2,5,2,9,7,7,1,6
김수화,1986-01-12T00:00:00Z,2005,2006,2,23,1,0,1,10,0,0,306,64.33333333333333,80,9,37,1,26,56,53,0.091,1
이보근,1986-04-30T00:00:00Z,2005,2013,9,265,0,0,17,21,9,14,1793,412.33333333333337,406,29,199,21,237,218,197,0.447,4
이왕기,1986-05-28T00:00:00Z,2005,2007,3,104,0,0,5,6,6,8,553,130,111,12,56,20,116,61,57,0.455,5
윤석민,1986-07-24T00:00:00Z,2005,2013,9,303,11,6,73,59,44,12,4680,1129,1008,75,345,55,949,448,400,0.553,7
김명제,1987-01-05T00:00:00Z,2005,2009,5,137,0,0,22,29,1,7,2082,479,472,54,185,39,268,277,256,0.431,1
정재훈,1981-05-06T00:00:00Z,2006,2007,2,33,0,0,1,1,2,0,151,35,37,4,11,3,12,20,19,0.5,5
강유삼,1981-07-25T00:00:00Z,2006,2006,1,1,0,0,0,0,0,0,23,4,10,1,0,0,1,5,2,0,7
백준영,1982-05-18T00:00:00Z,2006,2008,2,4,0,0,0,0,0,0,13,3.6666666666666665,3,0,0,0,1,0,0,0,5
이대현,1982-06-09T00:00:00Z,2006,2006,1,4,0,0,0,0,0,0,25,5.333333333333333,4,1,3,1,3,4,4,0,6
여승현,1982-06-11T00:00:00Z,2006,2006,1,2,0,0,0,0,0,0,10,2,1,0,2,0,1,0,0,0,6
장태종,1983-03-08T00:00:00Z,2006,2008,2,9,0,0,0,0,0,0,80,14.333333333333332,24,3,11,1,6,20,20,0,3
정홍준,1983-05-25T00:00:00Z,2006,2009,3,27,0,0,2,1,0,0,249,56.66666666666667,51,4,33,4,42,23,23,0.667,5
김정환,1984-01-21T00:00:00Z,2006,2007,2,9,0,0,0,0,0,0,70,14.666666666666668,23,0,3,1,5,11,10,0,1
임재청,1984-02-21T00:00:00Z,2006,2006,1,8,0,0,0,0,0,2,21,4.333333333333333,6,2,2,1,5,4,4,0,2
김태환,1985-03-30T00:00:00Z,2006,2006,1,3,0,0,0,0,0,0,9,2.3333333333333335,2,0,0,0,0,0,0,0,3
채형직,1986-02-26T00:00:00Z,2006,2006,1,26,0,0,1,1,0,1,134,30.666666666666668,32,4,19,0,19,17,17,0.5,2
김유신,1986-05-01T00:00:00Z,2006,2009,4,5,0,0,0,1,0,0,56,11.666666666666,15,4,8,0,7,8,8,0,5
류현진,1987-03-25T00:00:00Z,2006,2012,7,190,27,8,98,52,1,0,5154,1269,1081,92,383,23,1238,431,395,0.653,3
손영민,1987-04-28T00:00:00Z,2006,2012,7,313,0,0,27,18,9,48,1697,404,362,25,127,54,300,175,161,0.6,4
이승학,1979-06-02T00:00:00Z,2007,2008,2,49,0,0,13,6,0,4,524,122,128,9,36,7,63,49,48,0.684,6
박정규,1983-04-17T00:00:00Z,2007,2009,3,26,0,0,1,0,0,1,72,15.666666666666668,16,1,10,0,13,9,9,1,4
김경선,1983-08-20T00:00:00Z,2007,2008,2,13,0,0,0,1,0,1,118,26,31,2,10,2,13,17,17,0,8
조순권,1983-10-28T00:00:00Z,2007,2008,2,13,0,0,1,0,1,0,53,11.666666666666666,17,2,2,1,6,8,8,1,10
김이슬,1984-06-15T00:00:00Z,2007,2009,3,34,0,0,0,0,0,4,100,21.333333333333332,25,4,8,4,10,17,15,0,6
오준형,1984-07-21T00:00:00Z,2007,2013,5,54,0,0,4,4,0,0,490,102,141,13,39,9,52,75,68,0.5,7
오성민,1985-11-06T00:00:00Z,2007,2011,2,4,0,0,0,0,0,0,29,5.666666666666666,7,0,6,0,4,4,4,0,11
권덕준,1987-01-20T00:00:00Z,2007,2007,1,1,0,0,0,0,0,0,7,1.6666666666666665,0,0,2,0,1,0,0,0,1
박민주,1987-07-23T00:00:00Z,2007,2007,1,1,0,0,0,0,0,0,1,0.333333333333,0,0,0,0,0,0,0,0,7
조용훈,1987-10-29T00:00:00Z,2007,2009,3,150,0,0,6,13,10,22,689,161.66666666666666,144,9,59,19,110,73,63,0.316,10
최유건,1988-08-02T00:00:00Z,2007,2008,2,2,0,0,0,0,0,0,12,1.666666666666,4,0,3,0,0,3,3,0,8
이원재,1988-12-01T00:00:00Z,2007,2012,4,24,0,0,1,4,0,0,258,54,71,4,28,4,29,48,47,0.2,12
김일엽,1980-02-15T00:00:00Z,2008,2013,6,117,0,0,5,7,4,9,812,179.33333333333266,201,32,78,18,101,115,108,0.417,2
곽동훈,1981-07-13T00:00:00Z,2008,2011,3,11,0,0,0,0,0,0,81,17.333333333333332,22,4,11,0,3,19,18,0,7
임성헌,1985-06-22T00:00:00Z,2008,2010,3,25,0,0,1,1,0,0,124,27.999999999999666,31,6,13,0,17,14,13,0.5,6
양승진,1987-04-19T00:00:00Z,2008,2012,5,27,0,0,1,5,0,0,272,51.33333333333267,70,10,43,6,41,56,52,0.167,4
김성현,1989-01-03T00:00:00Z,2008,2011,4,98,0,0,13,25,1,0,1374,311.33333333333337,320,30,171,7,206,199,188,0.342,1
양지훈,1985-04-15T00:00:00Z,2009,2009,1,7,0,0,0,0,0,0,25,5,7,1,4,0,2,6,6,0,4
이정동,1985-07-17T00:00:00Z,2009,2009,1,4,0,0,0,0,0,1,19,3.6666666666666665,7,0,2,0,2,1,1,0,7
지훈,1986-02-22T00:00:00Z,2009,2009,1,1,0,0,0,0,0,0,17,3.6666666666666665,6,0,0,0,0,3,3,0,2
박현준,1986-09-22T00:00:00Z,2009,2011,3,63,0,0,15,14,0,0,1058,238.33333333333331,234,23,105,22,190,147,129,0.517,9
김주,1989-03-02T00:00:00Z,2009,2009,1,3,0,0,0,0,0,0,14,2.6666666666666665,5,1,1,0,1,3,3,0,3
정성철,1990-04-21T00:00:00Z,2009,2009,1,11,0,0,0,1,0,0,61,11.333333333333334,13,3,11,3,7,10,10,0,4
조승수,1990-06-09T00:00:00Z,2009,2011,3,30,0,0,1,2,0,1,218,45.666666666666664,62,9,14,5,28,43,40,0.333,6
최성민,1990-07-31T00:00:00Z,2009,2011,3,33,0,0,4,4,0,1,287,62.33333333333333,50,1,61,7,34,32,29,0.5,7
박건우,1985-04-06T00:00:00Z,2010,2012,3,18,0,0,1,0,1,0,161,35.999999999999666,38,3,20,1,25,23,20,1,4
신해수,1987-11-30T00:00:00Z,2010,2010,1,2,0,0,0,0,0,0,7,2,2,0,0,0,1,0,0,0,11
박시영,1989-03-10T00:00:00Z,2010,2010,1,2,0,0,0,0,0,0,14,2,5,2,3,1,3,5,5,0,3
장민제,1990-03-19T00:00:00Z,2010,2011,2,49,0,0,2,7,0,1,487,104,129,13,54,5,56,70,67,0.222,3
김태훈,1990-05-19T00:00:00Z,2010,2012,3,26,0,0,0,1,0,1,132,26.666666666666664,30,0,22,2,21,19,17,0,5
안영진,1983-09-03T00:00:00Z,2011,2012,2,9,0,0,0,0,0,0,54,11,12,1,8,2,5,12,6,0,9
최진호,1984-08-26T00:00:00Z,2011,2011,1,4,0,0,0,0,0,0,16,2.6666666666666665,4,0,3,1,3,3,3,0,8
이상훈,1985-05-10T00:00:00Z,2011,2011,1,1,0,0,0,0,0,1,2,0.333333333333,0,0,0,1,0,0,0,0,5
이규대,1986-10-20T00:00:00Z,2011,2011,1,2,0,0,0,0,0,0,13,3.3333333333333335,3,0,1,0,0,0,0,0,10
명재철,1989-01-17T00:00:00Z,2011,2013,2,5,0,0,0,0,0,0,26,4.666666666666666,7,0,5,1,1,4,4,0,1
박찬호,1973-06-30T00:00:00Z,2012,2012,1,23,1,0,5,10,0,0,552,121,134,11,52,11,68,76,68,0.333,6
신정익,1987-02-04T00:00:00Z,2012,2013,2,4,0,0,0,0,0,0,22,4.666666666666667,5,2,1,1,0,4,3,0,2
이경우,1987-11-09T00:00:00Z,2012,2012,1,1,0,0,0,0,0,0,21,3.6666666666666665,4,1,4,2,3,6,6,0,11
이희성,1988-03-09T00:00:00Z,2012,2012,1,4,0,0,0,1,0,0,23,5.333333333333333,7,0,1,0,1,5,5,0,3
최성훈,1989-10-11T00:00:00Z,2012,2013,2,41,0,0,5,6,0,2,343,75.33333333333333,89,6,30,5,25,40,37,0.455,10
최우석,1993-02-06T00:00:00Z,2012,2012,1,4,0,0,0,0,0,0,25,5.666666666666667,4,0,3,1,2,3,2,0,2
